dataset_type,short_title,download_id,subject_id,file_name,value_role,source_kind,source_url,source_file,source_row,inference_method,confidence,priority,metadata_json
Collection,Pedi-Cranial-CT-Healthy,55262,,00002_CT.mha,normalized,supporting_spreadsheet,https://www.cancerimagingarchive.net/wp-content/uploads/Pedi-Cranial-CT-Healthy_metadata_report_v7_comprehensive-Final_v01_20260714.tsv,pedi_image_metadata.tsv,2,file_title_exact_match,high,100,"{""columns"":512,""contrast_used"":""None"",""dimensions_xyz"":[512,571,120],""direction_cosines"":[1.0,0.0,0.0,0.0,1.0,0.0,0.0,0.0,1.0],""intensity_max"":2189.0,""intensity_mean"":-607.08,""intensity_median"":-966.0,""intensity_min"":-1024.0,""intensity_q1_25th"":-999.0,""intensity_q3_75th"":0.0,""intensity_std_dev"":526.96,""modality"":""CT"",""number_of_slices"":120,""origin_mm"":[-114.5,19.77762699084395,60.49711227416992],""pixel_spacing_mm"":[0.447265625,0.447265625,1.267333984375],""pixel_type"":""16-bit signed integer"",""rescale_intercept"":0.0,""rescale_slope"":1.0,""rows"":571}"
Collection,Pedi-Cranial-CT-Healthy,55262,,00005_CT.mha,normalized,supporting_spreadsheet,https://www.cancerimagingarchive.net/wp-content/uploads/Pedi-Cranial-CT-Healthy_metadata_report_v7_comprehensive-Final_v01_20260714.tsv,pedi_image_metadata.tsv,3,file_title_exact_match,high,100,"{""columns"":512,""contrast_used"":""None"",""dimensions_xyz"":[512,512,224],""direction_cosines"":[1.0,0.0,0.0,0.0,1.0,0.0,0.0,0.0,1.0],""intensity_max"":2111.0,""intensity_mean"":-1007.42,""intensity_median"":-961.0,""intensity_min"":-3024.0,""intensity_q1_25th"":-1000.0,""intensity_q3_75th"":21.0,""intensity_std_dev"":1172.34,""modality"":""CT"",""number_of_slices"":224,""origin_mm"":[-107.0,-116.80000305175781,64.56300354003906],""pixel_spacing_mm"":[0.417969,0.417969,0.625],""pixel_type"":""16-bit signed integer"",""rescale_intercept"":0.0,""rescale_slope"":1.0,""rows"":512}"
Collection,Pedi-Cranial-CT-Healthy,55262,,00008_CT.mha,normalized,supporting_spreadsheet,https://www.cancerimagingarchive.net/wp-content/uploads/Pedi-Cranial-CT-Healthy_metadata_report_v7_comprehensive-Final_v01_20260714.tsv,pedi_image_metadata.tsv,4,file_title_exact_match,high,100,"{""columns"":512,""contrast_used"":""None"",""dimensions_xyz"":[512,532,120],""direction_cosines"":[1.0,0.0,0.0,0.0,1.0,0.0,0.0,0.0,1.0],""intensity_max"":2064.0,""intensity_mean"":-598.53,""intensity_median"":-965.0,""intensity_min"":-1024.0,""intensity_q1_25th"":-997.0,""intensity_q3_75th"":0.0,""intensity_std_dev"":533.8,""modality"":""CT"",""number_of_slices"":120,""origin_mm"":[-102.0,-0.17201355510445193,51.34260940551759],""pixel_spacing_mm"":[0.3984375,0.3984375,1.251708984375],""pixel_type"":""16-bit signed integer"",""rescale_intercept"":0.0,""rescale_slope"":1.0,""rows"":532}"
Collection,Pedi-Cranial-CT-Healthy,55262,,00017_CT.mha,normalized,supporting_spreadsheet,https://www.cancerimagingarchive.net/wp-content/uploads/Pedi-Cranial-CT-Healthy_metadata_report_v7_comprehensive-Final_v01_20260714.tsv,pedi_image_metadata.tsv,5,file_title_exact_match,high,100,"{""columns"":512,""contrast_used"":""None"",""dimensions_xyz"":[512,524,108],""direction_cosines"":[1.0,0.0,0.0,0.0,1.0,0.0,0.0,0.0,1.0],""intensity_max"":2066.0,""intensity_mean"":-604.73,""intensity_median"":-957.0,""intensity_min"":-1024.0,""intensity_q1_25th"":-992.0,""intensity_q3_75th"":0.0,""intensity_std_dev"":530.26,""modality"":""CT"",""number_of_slices"":108,""origin_mm"":[-100.0,11.379263412687914,37.55942916870115],""pixel_spacing_mm"":[0.390625,0.390625,1.250732421875],""pixel_type"":""16-bit signed integer"",""rescale_intercept"":0.0,""rescale_slope"":1.0,""rows"":524}"
Collection,Pedi-Cranial-CT-Healthy,55262,,00025_CT.mha,normalized,supporting_spreadsheet,https://www.cancerimagingarchive.net/wp-content/uploads/Pedi-Cranial-CT-Healthy_metadata_report_v7_comprehensive-Final_v01_20260714.tsv,pedi_image_metadata.tsv,6,file_title_exact_match,high,100,"{""columns"":512,""contrast_used"":""None"",""dimensions_xyz"":[512,558,108],""direction_cosines"":[1.0,0.0,0.0,0.0,1.0,0.0,0.0,0.0,1.0],""intensity_max"":2107.0,""intensity_mean"":-643.84,""intensity_median"":-962.0,""intensity_min"":-1024.0,""intensity_q1_25th"":-995.0,""intensity_q3_75th"":0.0,""intensity_std_dev"":479.41,""modality"":""CT"",""number_of_slices"":108,""origin_mm"":[-100.0,14.238391333534215,36.05770874023437],""pixel_spacing_mm"":[0.390625,0.390625,1.2593994140625],""pixel_type"":""16-bit signed integer"",""rescale_intercept"":0.0,""rescale_slope"":1.0,""rows"":558}"
Collection,Pedi-Cranial-CT-Healthy,55262,,00044_CT.mha,normalized,supporting_spreadsheet,https://www.cancerimagingarchive.net/wp-content/uploads/Pedi-Cranial-CT-Healthy_metadata_report_v7_comprehensive-Final_v01_20260714.tsv,pedi_image_metadata.tsv,7,file_title_exact_match,high,100,"{""columns"":512,""contrast_used"":""None"",""dimensions_xyz"":[512,512,96],""direction_cosines"":[1.0,0.0,0.0,0.0,1.0,0.0,0.0,0.0,1.0],""intensity_max"":2116.0,""intensity_mean"":-594.34,""intensity_median"":-949.0,""intensity_min"":-1024.0,""intensity_q1_25th"":-987.0,""intensity_q3_75th"":26.0,""intensity_std_dev"":510.93,""modality"":""CT"",""number_of_slices"":96,""origin_mm"":[-93.5,12.503560066223145,44.706565856933594],""pixel_spacing_mm"":[0.365234375,0.365234375,1.25],""pixel_type"":""16-bit signed integer"",""rescale_intercept"":0.0,""rescale_slope"":1.0,""rows"":512}"
Collection,Pedi-Cranial-CT-Healthy,55262,,00052_CT.mha,normalized,supporting_spreadsheet,https://www.cancerimagingarchive.net/wp-content/uploads/Pedi-Cranial-CT-Healthy_metadata_report_v7_comprehensive-Final_v01_20260714.tsv,pedi_image_metadata.tsv,8,file_title_exact_match,high,100,"{""columns"":512,""contrast_used"":""None"",""dimensions_xyz"":[512,544,108],""direction_cosines"":[1.0,0.0,0.0,0.0,1.0,0.0,0.0,0.0,1.0],""intensity_max"":2757.0,""intensity_mean"":-534.97,""intensity_median"":-919.0,""intensity_min"":-1024.0,""intensity_q1_25th"":-989.0,""intensity_q3_75th"":7.0,""intensity_std_dev"":545.47,""modality"":""CT"",""number_of_slices"":108,""origin_mm"":[-100.0,-51.184884852446025,833.7851562499998],""pixel_spacing_mm"":[0.390625,0.390625,1.2547607421875],""pixel_type"":""16-bit signed integer"",""rescale_intercept"":0.0,""rescale_slope"":1.0,""rows"":544}"
Collection,Pedi-Cranial-CT-Healthy,55262,,00057_CT.mha,normalized,supporting_spreadsheet,https://www.cancerimagingarchive.net/wp-content/uploads/Pedi-Cranial-CT-Healthy_metadata_report_v7_comprehensive-Final_v01_20260714.tsv,pedi_image_metadata.tsv,9,file_title_exact_match,high,100,"{""columns"":512,""contrast_used"":""None"",""dimensions_xyz"":[512,530,108],""direction_cosines"":[1.0,0.0,0.0,0.0,1.0,0.0,0.0,0.0,1.0],""intensity_max"":2112.0,""intensity_mean"":-633.34,""intensity_median"":-966.0,""intensity_min"":-1024.0,""intensity_q1_25th"":-996.0,""intensity_q3_75th"":0.0,""intensity_std_dev"":502.05,""modality"":""CT"",""number_of_slices"":108,""origin_mm"":[-100.0,8.154431224772349,56.49530410766603],""pixel_spacing_mm"":[0.390625,0.390625,1.2523193359375],""pixel_type"":""16-bit signed integer"",""rescale_intercept"":0.0,""rescale_slope"":1.0,""rows"":530}"
Collection,Pedi-Cranial-CT-Healthy,55262,,00071_CT.mha,normalized,supporting_spreadsheet,https://www.cancerimagingarchive.net/wp-content/uploads/Pedi-Cranial-CT-Healthy_metadata_report_v7_comprehensive-Final_v01_20260714.tsv,pedi_image_metadata.tsv,10,file_title_exact_match,high,100,"{""columns"":512,""contrast_used"":""None"",""dimensions_xyz"":[512,615,107],""direction_cosines"":[1.0,0.0,0.0,0.0,1.0,0.0,0.0,0.0,1.0],""intensity_max"":2191.0,""intensity_mean"":-515.0,""intensity_median"":-882.0,""intensity_min"":-1024.0,""intensity_q1_25th"":-992.0,""intensity_q3_75th"":0.0,""intensity_std_dev"":528.98,""modality"":""CT"",""number_of_slices"":107,""origin_mm"":[-100.0,-35.90909487578084,130.0699768066406],""pixel_spacing_mm"":[0.390625,0.390625,1.2882080078125],""pixel_type"":""16-bit signed integer"",""rescale_intercept"":0.0,""rescale_slope"":1.0,""rows"":615}"
Collection,Pedi-Cranial-CT-Healthy,55262,,00090_CT.mha,normalized,supporting_spreadsheet,https://www.cancerimagingarchive.net/wp-content/uploads/Pedi-Cranial-CT-Healthy_metadata_report_v7_comprehensive-Final_v01_20260714.tsv,pedi_image_metadata.tsv,11,file_title_exact_match,high,100,"{""columns"":512,""contrast_used"":""None"",""dimensions_xyz"":[512,518,108],""direction_cosines"":[1.0,0.0,0.0,0.0,1.0,0.0,0.0,0.0,1.0],""intensity_max"":2041.0,""intensity_mean"":-606.74,""intensity_median"":-959.0,""intensity_min"":-1024.0,""intensity_q1_25th"":-995.0,""intensity_q3_75th"":0.0,""intensity_std_dev"":509.93,""modality"":""CT"",""number_of_slices"":108,""origin_mm"":[-100.0,-31.672873451747503,1052.4460449218748],""pixel_spacing_mm"":[0.390625,0.390625,1.2503662109375],""pixel_type"":""16-bit signed integer"",""rescale_intercept"":0.0,""rescale_slope"":1.0,""rows"":518}"
Collection,Pedi-Cranial-CT-Healthy,55262,,00107_CT.mha,normalized,supporting_spreadsheet,https://www.cancerimagingarchive.net/wp-content/uploads/Pedi-Cranial-CT-Healthy_metadata_report_v7_comprehensive-Final_v01_20260714.tsv,pedi_image_metadata.tsv,12,file_title_exact_match,high,100,"{""columns"":512,""contrast_used"":""None"",""dimensions_xyz"":[512,562,96],""direction_cosines"":[1.0,0.0,0.0,0.0,1.0,0.0,0.0,0.0,1.0],""intensity_max"":1987.0,""intensity_mean"":-540.6,""intensity_median"":-939.0,""intensity_min"":-1024.0,""intensity_q1_25th"":-982.0,""intensity_q3_75th"":20.0,""intensity_std_dev"":514.39,""modality"":""CT"",""number_of_slices"":96,""origin_mm"":[-80.0,15.747007986590845,44.31613540649411],""pixel_spacing_mm"":[0.3125,0.3125,1.2593994140625],""pixel_type"":""16-bit signed integer"",""rescale_intercept"":0.0,""rescale_slope"":1.0,""rows"":562}"
Collection,Pedi-Cranial-CT-Healthy,55262,,00134_CT.mha,normalized,supporting_spreadsheet,https://www.cancerimagingarchive.net/wp-content/uploads/Pedi-Cranial-CT-Healthy_metadata_report_v7_comprehensive-Final_v01_20260714.tsv,pedi_image_metadata.tsv,13,file_title_exact_match,high,100,"{""columns"":512,""contrast_used"":""None"",""dimensions_xyz"":[512,710,120],""direction_cosines"":[1.0,0.0,0.0,0.0,1.0,0.0,0.0,0.0,1.0],""intensity_max"":2976.0,""intensity_mean"":-473.27,""intensity_median"":-748.0,""intensity_min"":-1024.0,""intensity_q1_25th"":-1003.0,""intensity_q3_75th"":0.0,""intensity_std_dev"":556.77,""modality"":""CT"",""number_of_slices"":120,""origin_mm"":[-104.5,-41.83135050357344,90.2194595336914],""pixel_spacing_mm"":[0.408203125,0.408203125,1.34814453125],""pixel_type"":""16-bit signed integer"",""rescale_intercept"":0.0,""rescale_slope"":1.0,""rows"":710}"
Collection,Pedi-Cranial-CT-Healthy,55262,,00135_CT.mha,normalized,supporting_spreadsheet,https://www.cancerimagingarchive.net/wp-content/uploads/Pedi-Cranial-CT-Healthy_metadata_report_v7_comprehensive-Final_v01_20260714.tsv,pedi_image_metadata.tsv,14,file_title_exact_match,high,100,"{""columns"":512,""contrast_used"":""None"",""dimensions_xyz"":[512,562,28],""direction_cosines"":[1.0,0.0,0.0,0.0,1.0,0.0,0.0,0.0,1.0],""intensity_max"":1991.0,""intensity_mean"":-934.36,""intensity_median"":-960.0,""intensity_min"":-3024.0,""intensity_q1_25th"":-1001.0,""intensity_q3_75th"":18.0,""intensity_std_dev"":1146.55,""modality"":""CT"",""number_of_slices"":28,""origin_mm"":[-99.0,-129.4814853988814,11.857105255126928],""pixel_spacing_mm"":[0.386719,0.386719,5.043144226074219],""pixel_type"":""16-bit signed integer"",""rescale_intercept"":0.0,""rescale_slope"":1.0,""rows"":562}"
Collection,Pedi-Cranial-CT-Healthy,55262,,00181_CT.mha,normalized,supporting_spreadsheet,https://www.cancerimagingarchive.net/wp-content/uploads/Pedi-Cranial-CT-Healthy_metadata_report_v7_comprehensive-Final_v01_20260714.tsv,pedi_image_metadata.tsv,15,file_title_exact_match,high,100,"{""columns"":512,""contrast_used"":""None"",""dimensions_xyz"":[512,512,224],""direction_cosines"":[1.0,0.0,0.0,0.0,1.0,0.0,0.0,0.0,1.0],""intensity_max"":2117.0,""intensity_mean"":-1060.52,""intensity_median"":-962.0,""intensity_min"":-3024.0,""intensity_q1_25th"":-1001.0,""intensity_q3_75th"":14.0,""intensity_std_dev"":1123.99,""modality"":""CT"",""number_of_slices"":224,""origin_mm"":[-105.0,-117.9000015258789,59.0629997253418],""pixel_spacing_mm"":[0.410156,0.410156,0.625],""pixel_type"":""16-bit signed integer"",""rescale_intercept"":0.0,""rescale_slope"":1.0,""rows"":512}"
Collection,Pedi-Cranial-CT-Healthy,55262,,00182_CT.mha,normalized,supporting_spreadsheet,https://www.cancerimagingarchive.net/wp-content/uploads/Pedi-Cranial-CT-Healthy_metadata_report_v7_comprehensive-Final_v01_20260714.tsv,pedi_image_metadata.tsv,16,file_title_exact_match,high,100,"{""columns"":512,""contrast_used"":""None"",""dimensions_xyz"":[512,565,108],""direction_cosines"":[1.0,0.0,0.0,0.0,1.0,0.0,0.0,0.0,1.0],""intensity_max"":1980.0,""intensity_mean"":-566.81,""intensity_median"":-956.0,""intensity_min"":-1024.0,""intensity_q1_25th"":-994.0,""intensity_q3_75th"":0.0,""intensity_std_dev"":523.32,""modality"":""CT"",""number_of_slices"":108,""origin_mm"":[-100.0,9.130695653247926,36.489631652832024],""pixel_spacing_mm"":[0.390625,0.390625,1.26220703125],""pixel_type"":""16-bit signed integer"",""rescale_intercept"":0.0,""rescale_slope"":1.0,""rows"":565}"
Collection,Pedi-Cranial-CT-Healthy,55262,,00190_CT.mha,normalized,supporting_spreadsheet,https://www.cancerimagingarchive.net/wp-content/uploads/Pedi-Cranial-CT-Healthy_metadata_report_v7_comprehensive-Final_v01_20260714.tsv,pedi_image_metadata.tsv,17,file_title_exact_match,high,100,"{""columns"":512,""contrast_used"":""None"",""dimensions_xyz"":[512,512,108],""direction_cosines"":[1.0,0.0,0.0,0.0,1.0,0.0,0.0,0.0,1.0],""intensity_max"":2129.0,""intensity_mean"":-684.66,""intensity_median"":-968.0,""intensity_min"":-1024.0,""intensity_q1_25th"":-996.0,""intensity_q3_75th"":-118.0,""intensity_std_dev"":485.59,""modality"":""CT"",""number_of_slices"":108,""origin_mm"":[-100.0,-16.996231079101562,27.786447525024414],""pixel_spacing_mm"":[0.390625,0.390625,1.25],""pixel_type"":""16-bit signed integer"",""rescale_intercept"":0.0,""rescale_slope"":1.0,""rows"":512}"
Collection,Pedi-Cranial-CT-Healthy,55262,,00195_CT.mha,normalized,supporting_spreadsheet,https://www.cancerimagingarchive.net/wp-content/uploads/Pedi-Cranial-CT-Healthy_metadata_report_v7_comprehensive-Final_v01_20260714.tsv,pedi_image_metadata.tsv,18,file_title_exact_match,high,100,"{""columns"":512,""contrast_used"":""None"",""dimensions_xyz"":[512,680,24],""direction_cosines"":[1.0,0.0,0.0,0.0,1.0,0.0,0.0,0.0,1.0],""intensity_max"":2043.0,""intensity_mean"":-868.1,""intensity_median"":-858.0,""intensity_min"":-3024.0,""intensity_q1_25th"":-996.0,""intensity_q3_75th"":0.0,""intensity_std_dev"":1084.56,""modality"":""CT"",""number_of_slices"":24,""origin_mm"":[-100.0,-142.67768574467755,14.70073318481444],""pixel_spacing_mm"":[0.390625,0.390625,5.392673492431641],""pixel_type"":""16-bit signed integer"",""rescale_intercept"":0.0,""rescale_slope"":1.0,""rows"":680}"
Collection,Pedi-Cranial-CT-Healthy,55262,,00204_CT.mha,normalized,supporting_spreadsheet,https://www.cancerimagingarchive.net/wp-content/uploads/Pedi-Cranial-CT-Healthy_metadata_report_v7_comprehensive-Final_v01_20260714.tsv,pedi_image_metadata.tsv,19,file_title_exact_match,high,100,"{""columns"":512,""contrast_used"":""None"",""dimensions_xyz"":[512,525,159],""direction_cosines"":[1.0,0.0,0.0,0.0,1.0,0.0,0.0,0.0,1.0],""intensity_max"":3072.0,""intensity_mean"":-1022.09,""intensity_median"":-958.0,""intensity_min"":-3024.0,""intensity_q1_25th"":-997.0,""intensity_q3_75th"":17.0,""intensity_std_dev"":1120.55,""modality"":""CT"",""number_of_slices"":159,""origin_mm"":[-83.0,-70.98475964509313,55.109001159667955],""pixel_spacing_mm"":[0.324219,0.324219,0.6259994506835938],""pixel_type"":""16-bit signed integer"",""rescale_intercept"":0.0,""rescale_slope"":1.0,""rows"":525}"
Collection,Pedi-Cranial-CT-Healthy,55262,,00210_CT.mha,normalized,supporting_spreadsheet,https://www.cancerimagingarchive.net/wp-content/uploads/Pedi-Cranial-CT-Healthy_metadata_report_v7_comprehensive-Final_v01_20260714.tsv,pedi_image_metadata.tsv,20,file_title_exact_match,high,100,"{""columns"":512,""contrast_used"":""None"",""dimensions_xyz"":[512,512,256],""direction_cosines"":[1.0,0.0,0.0,0.0,1.0,0.0,0.0,0.0,1.0],""intensity_max"":3071.0,""intensity_mean"":-1100.42,""intensity_median"":-972.0,""intensity_min"":-3024.0,""intensity_q1_25th"":-1002.0,""intensity_q3_75th"":-68.0,""intensity_std_dev"":1101.37,""modality"":""CT"",""number_of_slices"":256,""origin_mm"":[-112.0,-115.0999984741211,64.81300354003906],""pixel_spacing_mm"":[0.4375,0.4375,0.625],""pixel_type"":""16-bit signed integer"",""rescale_intercept"":0.0,""rescale_slope"":1.0,""rows"":512}"
Collection,Pedi-Cranial-CT-Healthy,55262,,00231_CT.mha,normalized,supporting_spreadsheet,https://www.cancerimagingarchive.net/wp-content/uploads/Pedi-Cranial-CT-Healthy_metadata_report_v7_comprehensive-Final_v01_20260714.tsv,pedi_image_metadata.tsv,21,file_title_exact_match,high,100,"{""columns"":512,""contrast_used"":""None"",""dimensions_xyz"":[512,589,96],""direction_cosines"":[1.0,0.0,0.0,0.0,1.0,0.0,0.0,0.0,1.0],""intensity_max"":2076.0,""intensity_mean"":-551.28,""intensity_median"":-952.0,""intensity_min"":-1024.0,""intensity_q1_25th"":-991.0,""intensity_q3_75th"":0.0,""intensity_std_dev"":530.26,""modality"":""CT"",""number_of_slices"":96,""origin_mm"":[-100.0,-53.913048472787814,128.10632324218747],""pixel_spacing_mm"":[0.390625,0.390625,1.2779541015625],""pixel_type"":""16-bit signed integer"",""rescale_intercept"":0.0,""rescale_slope"":1.0,""rows"":589}"
Collection,Pedi-Cranial-CT-Healthy,55262,,00247_CT.mha,normalized,supporting_spreadsheet,https://www.cancerimagingarchive.net/wp-content/uploads/Pedi-Cranial-CT-Healthy_metadata_report_v7_comprehensive-Final_v01_20260714.tsv,pedi_image_metadata.tsv,22,file_title_exact_match,high,100,"{""columns"":512,""contrast_used"":""None"",""dimensions_xyz"":[512,547,27],""direction_cosines"":[1.0,0.0,0.0,0.0,1.0,0.0,0.0,0.0,1.0],""intensity_max"":1957.0,""intensity_mean"":-521.2,""intensity_median"":-937.0,""intensity_min"":-1024.0,""intensity_q1_25th"":-984.0,""intensity_q3_75th"":45.0,""intensity_std_dev"":530.62,""modality"":""CT"",""number_of_slices"":27,""origin_mm"":[-86.0,20.49298527967163,46.06091690063476],""pixel_spacing_mm"":[0.3359375,0.3359375,5.0230712890625],""pixel_type"":""16-bit signed integer"",""rescale_intercept"":0.0,""rescale_slope"":1.0,""rows"":547}"
Collection,Pedi-Cranial-CT-Healthy,55262,,00288_CT.mha,normalized,supporting_spreadsheet,https://www.cancerimagingarchive.net/wp-content/uploads/Pedi-Cranial-CT-Healthy_metadata_report_v7_comprehensive-Final_v01_20260714.tsv,pedi_image_metadata.tsv,23,file_title_exact_match,high,100,"{""columns"":512,""contrast_used"":""None"",""dimensions_xyz"":[512,512,28],""direction_cosines"":[1.0,0.0,0.0,0.0,1.0,0.0,0.0,0.0,1.0],""intensity_max"":2063.0,""intensity_mean"":-1063.4,""intensity_median"":-964.0,""intensity_min"":-3024.0,""intensity_q1_25th"":-1002.0,""intensity_q3_75th"":12.0,""intensity_std_dev"":1122.98,""modality"":""CT"",""number_of_slices"":28,""origin_mm"":[-96.0,-116.19999694824219,56.25],""pixel_spacing_mm"":[0.375,0.375,5.0],""pixel_type"":""16-bit signed integer"",""rescale_intercept"":0.0,""rescale_slope"":1.0,""rows"":512}"
Collection,Pedi-Cranial-CT-Healthy,55262,,00303_CT.mha,normalized,supporting_spreadsheet,https://www.cancerimagingarchive.net/wp-content/uploads/Pedi-Cranial-CT-Healthy_metadata_report_v7_comprehensive-Final_v01_20260714.tsv,pedi_image_metadata.tsv,24,file_title_exact_match,high,100,"{""columns"":512,""contrast_used"":""None"",""dimensions_xyz"":[512,566,26],""direction_cosines"":[1.0,0.0,0.0,0.0,1.0,0.0,0.0,0.0,1.0],""intensity_max"":2073.0,""intensity_mean"":-940.44,""intensity_median"":-945.0,""intensity_min"":-3024.0,""intensity_q1_25th"":-1003.0,""intensity_q3_75th"":11.0,""intensity_std_dev"":1134.88,""modality"":""CT"",""number_of_slices"":26,""origin_mm"":[-100.0,-93.56865991357573,0.4106009900569916],""pixel_spacing_mm"":[0.390625,0.390625,5.055530071258545],""pixel_type"":""16-bit signed integer"",""rescale_intercept"":0.0,""rescale_slope"":1.0,""rows"":566}"
Collection,Pedi-Cranial-CT-Healthy,55262,,00329_CT.mha,normalized,supporting_spreadsheet,https://www.cancerimagingarchive.net/wp-content/uploads/Pedi-Cranial-CT-Healthy_metadata_report_v7_comprehensive-Final_v01_20260714.tsv,pedi_image_metadata.tsv,25,file_title_exact_match,high,100,"{""columns"":511,""contrast_used"":""None"",""dimensions_xyz"":[511,511,160],""direction_cosines"":[1.0,0.0,0.0,0.0,1.0,0.0,0.0,0.0,1.0],""intensity_max"":1874.0,""intensity_mean"":-1172.82,""intensity_median"":-965.0,""intensity_min"":-3024.0,""intensity_q1_25th"":-1000.0,""intensity_q3_75th"":-799.0,""intensity_std_dev"":1035.37,""modality"":""CT"",""number_of_slices"":160,""origin_mm"":[-95.5,-62.400001525878906,30.562999725341797],""pixel_spacing_mm"":[0.373047,0.373047,0.625],""pixel_type"":""16-bit signed integer"",""rescale_intercept"":0.0,""rescale_slope"":1.0,""rows"":511}"
Collection,Pedi-Cranial-CT-Healthy,55262,,00354_CT.mha,normalized,supporting_spreadsheet,https://www.cancerimagingarchive.net/wp-content/uploads/Pedi-Cranial-CT-Healthy_metadata_report_v7_comprehensive-Final_v01_20260714.tsv,pedi_image_metadata.tsv,26,file_title_exact_match,high,100,"{""columns"":512,""contrast_used"":""None"",""dimensions_xyz"":[512,512,224],""direction_cosines"":[1.0,0.0,0.0,0.0,1.0,0.0,0.0,0.0,1.0],""intensity_max"":2074.0,""intensity_mean"":-1067.25,""intensity_median"":-967.0,""intensity_min"":-3024.0,""intensity_q1_25th"":-1001.0,""intensity_q3_75th"":10.0,""intensity_std_dev"":1118.48,""modality"":""CT"",""number_of_slices"":224,""origin_mm"":[-107.0,-107.0,43.8129997253418],""pixel_spacing_mm"":[0.417969,0.417969,0.625],""pixel_type"":""16-bit signed integer"",""rescale_intercept"":0.0,""rescale_slope"":1.0,""rows"":512}"
Collection,Pedi-Cranial-CT-Healthy,55262,,00356_CT.mha,normalized,supporting_spreadsheet,https://www.cancerimagingarchive.net/wp-content/uploads/Pedi-Cranial-CT-Healthy_metadata_report_v7_comprehensive-Final_v01_20260714.tsv,pedi_image_metadata.tsv,27,file_title_exact_match,high,100,"{""columns"":512,""contrast_used"":""None"",""dimensions_xyz"":[512,629,96],""direction_cosines"":[1.0,0.0,0.0,0.0,1.0,0.0,0.0,0.0,1.0],""intensity_max"":2924.0,""intensity_mean"":-901.68,""intensity_median"":-946.0,""intensity_min"":-3024.0,""intensity_q1_25th"":-1002.0,""intensity_q3_75th"":0.0,""intensity_std_dev"":1096.21,""modality"":""CT"",""number_of_slices"":96,""origin_mm"":[-88.4000015258789,-81.71891907815507,-0.9840000271797295],""pixel_spacing_mm"":[0.298828,0.298828,1.2879999876022339],""pixel_type"":""16-bit signed integer"",""rescale_intercept"":0.0,""rescale_slope"":1.0,""rows"":629}"
Collection,Pedi-Cranial-CT-Healthy,55262,,00439_CT.mha,normalized,supporting_spreadsheet,https://www.cancerimagingarchive.net/wp-content/uploads/Pedi-Cranial-CT-Healthy_metadata_report_v7_comprehensive-Final_v01_20260714.tsv,pedi_image_metadata.tsv,28,file_title_exact_match,high,100,"{""columns"":512,""contrast_used"":""None"",""dimensions_xyz"":[512,547,120],""direction_cosines"":[1.0,0.0,0.0,0.0,1.0,0.0,0.0,0.0,1.0],""intensity_max"":2305.0,""intensity_mean"":-576.27,""intensity_median"":-955.0,""intensity_min"":-1024.0,""intensity_q1_25th"":-992.0,""intensity_q3_75th"":0.0,""intensity_std_dev"":535.03,""modality"":""CT"",""number_of_slices"":120,""origin_mm"":[-100.0,11.594313244993895,81.86971282958983],""pixel_spacing_mm"":[0.390625,0.390625,1.2547607421875],""pixel_type"":""16-bit signed integer"",""rescale_intercept"":0.0,""rescale_slope"":1.0,""rows"":547}"
Collection,Pedi-Cranial-CT-Healthy,55262,,00442_CT.mha,normalized,supporting_spreadsheet,https://www.cancerimagingarchive.net/wp-content/uploads/Pedi-Cranial-CT-Healthy_metadata_report_v7_comprehensive-Final_v01_20260714.tsv,pedi_image_metadata.tsv,29,file_title_exact_match,high,100,"{""columns"":512,""contrast_used"":""None"",""dimensions_xyz"":[512,518,120],""direction_cosines"":[1.0,0.0,0.0,0.0,1.0,0.0,0.0,0.0,1.0],""intensity_max"":2047.0,""intensity_mean"":-599.83,""intensity_median"":-965.0,""intensity_min"":-1024.0,""intensity_q1_25th"":-995.0,""intensity_q3_75th"":5.0,""intensity_std_dev"":534.21,""modality"":""CT"",""number_of_slices"":120,""origin_mm"":[-100.0,-4.658692924170497,62.61048889160151],""pixel_spacing_mm"":[0.390625,0.390625,1.2503662109375],""pixel_type"":""16-bit signed integer"",""rescale_intercept"":0.0,""rescale_slope"":1.0,""rows"":518}"
Collection,Pedi-Cranial-CT-Healthy,55262,,00452_CT.mha,normalized,supporting_spreadsheet,https://www.cancerimagingarchive.net/wp-content/uploads/Pedi-Cranial-CT-Healthy_metadata_report_v7_comprehensive-Final_v01_20260714.tsv,pedi_image_metadata.tsv,30,file_title_exact_match,high,100,"{""columns"":512,""contrast_used"":""None"",""dimensions_xyz"":[512,581,60],""direction_cosines"":[1.0,0.0,0.0,0.0,1.0,0.0,0.0,0.0,1.0],""intensity_max"":1798.0,""intensity_mean"":-487.11,""intensity_median"":-844.0,""intensity_min"":-1024.0,""intensity_q1_25th"":-999.0,""intensity_q3_75th"":27.0,""intensity_std_dev"":546.49,""modality"":""CT"",""number_of_slices"":60,""origin_mm"":[-95.5,7.6767213593293135,-154.96133422851562],""pixel_spacing_mm"":[0.373046875,0.373046875,2.5311279296875],""pixel_type"":""16-bit signed integer"",""rescale_intercept"":0.0,""rescale_slope"":1.0,""rows"":581}"
Collection,Pedi-Cranial-CT-Healthy,55262,,00454_CT.mha,normalized,supporting_spreadsheet,https://www.cancerimagingarchive.net/wp-content/uploads/Pedi-Cranial-CT-Healthy_metadata_report_v7_comprehensive-Final_v01_20260714.tsv,pedi_image_metadata.tsv,31,file_title_exact_match,high,100,"{""columns"":512,""contrast_used"":""None"",""dimensions_xyz"":[512,547,120],""direction_cosines"":[1.0,0.0,0.0,0.0,1.0,0.0,0.0,0.0,1.0],""intensity_max"":2069.0,""intensity_mean"":-549.67,""intensity_median"":-958.0,""intensity_min"":-1024.0,""intensity_q1_25th"":-996.0,""intensity_q3_75th"":7.0,""intensity_std_dev"":548.18,""modality"":""CT"",""number_of_slices"":120,""origin_mm"":[-100.0,-17.330729068518124,65.30873870849605],""pixel_spacing_mm"":[0.390625,0.390625,1.2557373046875],""pixel_type"":""16-bit signed integer"",""rescale_intercept"":0.0,""rescale_slope"":1.0,""rows"":547}"
Collection,Pedi-Cranial-CT-Healthy,55262,,00455_CT.mha,normalized,supporting_spreadsheet,https://www.cancerimagingarchive.net/wp-content/uploads/Pedi-Cranial-CT-Healthy_metadata_report_v7_comprehensive-Final_v01_20260714.tsv,pedi_image_metadata.tsv,32,file_title_exact_match,high,100,"{""columns"":512,""contrast_used"":""None"",""dimensions_xyz"":[512,512,28],""direction_cosines"":[1.0,0.0,0.0,0.0,1.0,0.0,0.0,0.0,1.0],""intensity_max"":2163.0,""intensity_mean"":-1037.17,""intensity_median"":-968.0,""intensity_min"":-3024.0,""intensity_q1_25th"":-1015.0,""intensity_q3_75th"":16.0,""intensity_std_dev"":1154.88,""modality"":""CT"",""number_of_slices"":28,""origin_mm"":[-110.0,-103.30000305175781,-24.170000076293945],""pixel_spacing_mm"":[0.429688,0.429688,5.0],""pixel_type"":""16-bit signed integer"",""rescale_intercept"":0.0,""rescale_slope"":1.0,""rows"":512}"
Collection,Pedi-Cranial-CT-Healthy,55262,,00457_CT.mha,normalized,supporting_spreadsheet,https://www.cancerimagingarchive.net/wp-content/uploads/Pedi-Cranial-CT-Healthy_metadata_report_v7_comprehensive-Final_v01_20260714.tsv,pedi_image_metadata.tsv,33,file_title_exact_match,high,100,"{""columns"":512,""contrast_used"":""None"",""dimensions_xyz"":[512,512,224],""direction_cosines"":[1.0,0.0,0.0,0.0,1.0,0.0,0.0,0.0,1.0],""intensity_max"":2237.0,""intensity_mean"":-993.1,""intensity_median"":-962.0,""intensity_min"":-3024.0,""intensity_q1_25th"":-999.0,""intensity_q3_75th"":26.0,""intensity_std_dev"":1176.43,""modality"":""CT"",""number_of_slices"":224,""origin_mm"":[-98.0,-97.19999694824219,59.8129997253418],""pixel_spacing_mm"":[0.382812,0.382812,0.625],""pixel_type"":""16-bit signed integer"",""rescale_intercept"":0.0,""rescale_slope"":1.0,""rows"":512}"
Collection,Pedi-Cranial-CT-Healthy,55262,,00469_CT.mha,normalized,supporting_spreadsheet,https://www.cancerimagingarchive.net/wp-content/uploads/Pedi-Cranial-CT-Healthy_metadata_report_v7_comprehensive-Final_v01_20260714.tsv,pedi_image_metadata.tsv,34,file_title_exact_match,high,100,"{""columns"":512,""contrast_used"":""None"",""dimensions_xyz"":[512,512,48],""direction_cosines"":[1.0,0.0,0.0,0.0,1.0,0.0,0.0,0.0,1.0],""intensity_max"":2193.0,""intensity_mean"":-481.35,""intensity_median"":-756.0,""intensity_min"":-1024.0,""intensity_q1_25th"":-998.0,""intensity_q3_75th"":27.0,""intensity_std_dev"":570.14,""modality"":""CT"",""number_of_slices"":48,""origin_mm"":[-92.0,37.0,103.0999755859375],""pixel_spacing_mm"":[0.359375,0.359375,3.0],""pixel_type"":""16-bit signed integer"",""rescale_intercept"":0.0,""rescale_slope"":1.0,""rows"":512}"
Collection,Pedi-Cranial-CT-Healthy,55262,,00472_CT.mha,normalized,supporting_spreadsheet,https://www.cancerimagingarchive.net/wp-content/uploads/Pedi-Cranial-CT-Healthy_metadata_report_v7_comprehensive-Final_v01_20260714.tsv,pedi_image_metadata.tsv,35,file_title_exact_match,high,100,"{""columns"":512,""contrast_used"":""None"",""dimensions_xyz"":[512,512,50],""direction_cosines"":[1.0,0.0,0.0,0.0,1.0,0.0,0.0,0.0,1.0],""intensity_max"":2976.0,""intensity_mean"":-534.03,""intensity_median"":-752.0,""intensity_min"":-1024.0,""intensity_q1_25th"":-998.0,""intensity_q3_75th"":15.0,""intensity_std_dev"":517.7,""modality"":""CT"",""number_of_slices"":50,""origin_mm"":[-103.5,-32.5,105.5],""pixel_spacing_mm"":[0.404296875,0.404296875,3.0],""pixel_type"":""16-bit signed integer"",""rescale_intercept"":0.0,""rescale_slope"":1.0,""rows"":512}"
Collection,Pedi-Cranial-CT-Healthy,55262,,00484_CT.mha,normalized,supporting_spreadsheet,https://www.cancerimagingarchive.net/wp-content/uploads/Pedi-Cranial-CT-Healthy_metadata_report_v7_comprehensive-Final_v01_20260714.tsv,pedi_image_metadata.tsv,36,file_title_exact_match,high,100,"{""columns"":511,""contrast_used"":""None"",""dimensions_xyz"":[511,583,224],""direction_cosines"":[1.0,0.0,0.0,0.0,1.0,0.0,0.0,0.0,1.0],""intensity_max"":2194.0,""intensity_mean"":-918.49,""intensity_median"":-949.0,""intensity_min"":-3024.0,""intensity_q1_25th"":-998.0,""intensity_q3_75th"":11.0,""intensity_std_dev"":1131.54,""modality"":""CT"",""number_of_slices"":224,""origin_mm"":[-106.5,-98.34881471003325,30.812000274658203],""pixel_spacing_mm"":[0.416016,0.416016,0.6359996795654297],""pixel_type"":""16-bit signed integer"",""rescale_intercept"":0.0,""rescale_slope"":1.0,""rows"":583}"
Collection,Pedi-Cranial-CT-Healthy,55262,,00487_CT.mha,normalized,supporting_spreadsheet,https://www.cancerimagingarchive.net/wp-content/uploads/Pedi-Cranial-CT-Healthy_metadata_report_v7_comprehensive-Final_v01_20260714.tsv,pedi_image_metadata.tsv,37,file_title_exact_match,high,100,"{""columns"":512,""contrast_used"":""None"",""dimensions_xyz"":[512,528,223],""direction_cosines"":[1.0,0.0,0.0,0.0,1.0,0.0,0.0,0.0,1.0],""intensity_max"":2152.0,""intensity_mean"":-977.18,""intensity_median"":-961.0,""intensity_min"":-3024.0,""intensity_q1_25th"":-1000.0,""intensity_q3_75th"":23.0,""intensity_std_dev"":1170.3,""modality"":""CT"",""number_of_slices"":223,""origin_mm"":[-99.0,-102.47626642329372,6.5019998550414915],""pixel_spacing_mm"":[0.386719,0.386719,0.625999927520752],""pixel_type"":""16-bit signed integer"",""rescale_intercept"":0.0,""rescale_slope"":1.0,""rows"":528}"
Collection,Pedi-Cranial-CT-Healthy,55262,,00488_CT.mha,normalized,supporting_spreadsheet,https://www.cancerimagingarchive.net/wp-content/uploads/Pedi-Cranial-CT-Healthy_metadata_report_v7_comprehensive-Final_v01_20260714.tsv,pedi_image_metadata.tsv,38,file_title_exact_match,high,100,"{""columns"":512,""contrast_used"":""None"",""dimensions_xyz"":[512,609,24],""direction_cosines"":[1.0,0.0,0.0,0.0,1.0,0.0,0.0,0.0,1.0],""intensity_max"":1780.0,""intensity_mean"":-580.56,""intensity_median"":-953.0,""intensity_min"":-1024.0,""intensity_q1_25th"":-986.0,""intensity_q3_75th"":0.0,""intensity_std_dev"":487.29,""modality"":""CT"",""number_of_slices"":24,""origin_mm"":[-82.5,-13.762751641101037,73.12379455566406],""pixel_spacing_mm"":[0.322265625,0.322265625,5.1314697265625],""pixel_type"":""16-bit signed integer"",""rescale_intercept"":0.0,""rescale_slope"":1.0,""rows"":609}"
Collection,Pedi-Cranial-CT-Healthy,55262,,00489_CT.mha,normalized,supporting_spreadsheet,https://www.cancerimagingarchive.net/wp-content/uploads/Pedi-Cranial-CT-Healthy_metadata_report_v7_comprehensive-Final_v01_20260714.tsv,pedi_image_metadata.tsv,39,file_title_exact_match,high,100,"{""columns"":512,""contrast_used"":""None"",""dimensions_xyz"":[512,566,224],""direction_cosines"":[1.0,0.0,0.0,0.0,1.0,0.0,0.0,0.0,1.0],""intensity_max"":2109.0,""intensity_mean"":-973.09,""intensity_median"":-962.0,""intensity_min"":-3024.0,""intensity_q1_25th"":-999.0,""intensity_q3_75th"":0.0,""intensity_std_dev"":1123.76,""modality"":""CT"",""number_of_slices"":224,""origin_mm"":[-110.0,-140.522987018918,63.297000885009766],""pixel_spacing_mm"":[0.429688,0.429688,0.6319999694824219],""pixel_type"":""16-bit signed integer"",""rescale_intercept"":0.0,""rescale_slope"":1.0,""rows"":566}"
Collection,Pedi-Cranial-CT-Healthy,55262,,00492_CT.mha,normalized,supporting_spreadsheet,https://www.cancerimagingarchive.net/wp-content/uploads/Pedi-Cranial-CT-Healthy_metadata_report_v7_comprehensive-Final_v01_20260714.tsv,pedi_image_metadata.tsv,40,file_title_exact_match,high,100,"{""columns"":512,""contrast_used"":""None"",""dimensions_xyz"":[512,557,224],""direction_cosines"":[1.0,0.0,0.0,0.0,1.0,0.0,0.0,0.0,1.0],""intensity_max"":2349.0,""intensity_mean"":-999.07,""intensity_median"":-971.0,""intensity_min"":-3024.0,""intensity_q1_25th"":-1009.0,""intensity_q3_75th"":0.0,""intensity_std_dev"":1127.44,""modality"":""CT"",""number_of_slices"":224,""origin_mm"":[-105.0,-116.76025818512959,10.27000045776365],""pixel_spacing_mm"":[0.410156,0.410156,0.6299991607666016],""pixel_type"":""16-bit signed integer"",""rescale_intercept"":0.0,""rescale_slope"":1.0,""rows"":557}"
Collection,Pedi-Cranial-CT-Healthy,55262,,00493_CT.mha,normalized,supporting_spreadsheet,https://www.cancerimagingarchive.net/wp-content/uploads/Pedi-Cranial-CT-Healthy_metadata_report_v7_comprehensive-Final_v01_20260714.tsv,pedi_image_metadata.tsv,41,file_title_exact_match,high,100,"{""columns"":512,""contrast_used"":""None"",""dimensions_xyz"":[512,597,120],""direction_cosines"":[1.0,0.0,0.0,0.0,1.0,0.0,0.0,0.0,1.0],""intensity_max"":2169.0,""intensity_mean"":-538.3,""intensity_median"":-937.0,""intensity_min"":-1024.0,""intensity_q1_25th"":-994.0,""intensity_q3_75th"":0.0,""intensity_std_dev"":541.6,""modality"":""CT"",""number_of_slices"":120,""origin_mm"":[-100.0,14.179111733252178,62.31884765624998],""pixel_spacing_mm"":[0.390625,0.390625,1.275634765625],""pixel_type"":""16-bit signed integer"",""rescale_intercept"":0.0,""rescale_slope"":1.0,""rows"":597}"
Collection,Pedi-Cranial-CT-Healthy,55262,,00497_CT.mha,normalized,supporting_spreadsheet,https://www.cancerimagingarchive.net/wp-content/uploads/Pedi-Cranial-CT-Healthy_metadata_report_v7_comprehensive-Final_v01_20260714.tsv,pedi_image_metadata.tsv,42,file_title_exact_match,high,100,"{""columns"":512,""contrast_used"":""None"",""dimensions_xyz"":[512,542,108],""direction_cosines"":[1.0,0.0,0.0,0.0,1.0,0.0,0.0,0.0,1.0],""intensity_max"":2112.0,""intensity_mean"":-558.9,""intensity_median"":-950.0,""intensity_min"":-1024.0,""intensity_q1_25th"":-994.0,""intensity_q3_75th"":3.0,""intensity_std_dev"":553.98,""modality"":""CT"",""number_of_slices"":108,""origin_mm"":[-106.0,-9.870171513966891,166.72099304199213],""pixel_spacing_mm"":[0.4140625,0.4140625,1.2547607421875],""pixel_type"":""16-bit signed integer"",""rescale_intercept"":0.0,""rescale_slope"":1.0,""rows"":542}"
Collection,Pedi-Cranial-CT-Healthy,55262,,00498_CT.mha,normalized,supporting_spreadsheet,https://www.cancerimagingarchive.net/wp-content/uploads/Pedi-Cranial-CT-Healthy_metadata_report_v7_comprehensive-Final_v01_20260714.tsv,pedi_image_metadata.tsv,43,file_title_exact_match,high,100,"{""columns"":512,""contrast_used"":""None"",""dimensions_xyz"":[512,512,224],""direction_cosines"":[1.0,0.0,0.0,0.0,1.0,0.0,0.0,0.0,1.0],""intensity_max"":2312.0,""intensity_mean"":-1070.74,""intensity_median"":-972.0,""intensity_min"":-3024.0,""intensity_q1_25th"":-1015.0,""intensity_q3_75th"":-9.0,""intensity_std_dev"":1139.79,""modality"":""CT"",""number_of_slices"":224,""origin_mm"":[-113.4000015258789,-84.5,-10.687999725341797],""pixel_spacing_mm"":[0.449219,0.449219,0.625],""pixel_type"":""16-bit signed integer"",""rescale_intercept"":0.0,""rescale_slope"":1.0,""rows"":512}"
Collection,Pedi-Cranial-CT-Healthy,55262,,00501_CT.mha,normalized,supporting_spreadsheet,https://www.cancerimagingarchive.net/wp-content/uploads/Pedi-Cranial-CT-Healthy_metadata_report_v7_comprehensive-Final_v01_20260714.tsv,pedi_image_metadata.tsv,44,file_title_exact_match,high,100,"{""columns"":512,""contrast_used"":""None"",""dimensions_xyz"":[512,625,119],""direction_cosines"":[1.0,0.0,0.0,0.0,1.0,0.0,0.0,0.0,1.0],""intensity_max"":2164.0,""intensity_mean"":-493.29,""intensity_median"":-820.0,""intensity_min"":-1024.0,""intensity_q1_25th"":-994.0,""intensity_q3_75th"":0.0,""intensity_std_dev"":537.21,""modality"":""CT"",""number_of_slices"":119,""origin_mm"":[-100.0,-54.767322923358336,69.76038360595702],""pixel_spacing_mm"":[0.390625,0.390625,1.2882080078125],""pixel_type"":""16-bit signed integer"",""rescale_intercept"":0.0,""rescale_slope"":1.0,""rows"":625}"
Collection,Pedi-Cranial-CT-Healthy,55262,,00502_CT.mha,normalized,supporting_spreadsheet,https://www.cancerimagingarchive.net/wp-content/uploads/Pedi-Cranial-CT-Healthy_metadata_report_v7_comprehensive-Final_v01_20260714.tsv,pedi_image_metadata.tsv,45,file_title_exact_match,high,100,"{""columns"":512,""contrast_used"":""None"",""dimensions_xyz"":[512,512,256],""direction_cosines"":[1.0,0.0,0.0,0.0,1.0,0.0,0.0,0.0,1.0],""intensity_max"":3071.0,""intensity_mean"":-1026.96,""intensity_median"":-963.0,""intensity_min"":-3024.0,""intensity_q1_25th"":-1002.0,""intensity_q3_75th"":19.0,""intensity_std_dev"":1161.93,""modality"":""CT"",""number_of_slices"":256,""origin_mm"":[-108.0,-89.5999984741211,41.3129997253418],""pixel_spacing_mm"":[0.421875,0.421875,0.625],""pixel_type"":""16-bit signed integer"",""rescale_intercept"":0.0,""rescale_slope"":1.0,""rows"":512}"
Collection,Pedi-Cranial-CT-Healthy,55262,,00503_CT.mha,normalized,supporting_spreadsheet,https://www.cancerimagingarchive.net/wp-content/uploads/Pedi-Cranial-CT-Healthy_metadata_report_v7_comprehensive-Final_v01_20260714.tsv,pedi_image_metadata.tsv,46,file_title_exact_match,high,100,"{""columns"":512,""contrast_used"":""None"",""dimensions_xyz"":[512,530,108],""direction_cosines"":[1.0,0.0,0.0,0.0,1.0,0.0,0.0,0.0,1.0],""intensity_max"":2082.0,""intensity_mean"":-524.02,""intensity_median"":-938.0,""intensity_min"":-1024.0,""intensity_q1_25th"":-988.0,""intensity_q3_75th"":13.0,""intensity_std_dev"":545.64,""modality"":""CT"",""number_of_slices"":108,""origin_mm"":[-100.0,-21.016397865672694,40.362255096435554],""pixel_spacing_mm"":[0.390625,0.390625,1.251708984375],""pixel_type"":""16-bit signed integer"",""rescale_intercept"":0.0,""rescale_slope"":1.0,""rows"":530}"
Collection,Pedi-Cranial-CT-Healthy,55262,,00510_CT.mha,normalized,supporting_spreadsheet,https://www.cancerimagingarchive.net/wp-content/uploads/Pedi-Cranial-CT-Healthy_metadata_report_v7_comprehensive-Final_v01_20260714.tsv,pedi_image_metadata.tsv,47,file_title_exact_match,high,100,"{""columns"":512,""contrast_used"":""None"",""dimensions_xyz"":[512,512,46],""direction_cosines"":[1.0,0.0,0.0,0.0,1.0,0.0,0.0,0.0,1.0],""intensity_max"":2616.0,""intensity_mean"":-606.77,""intensity_median"":-988.0,""intensity_min"":-1024.0,""intensity_q1_25th"":-1005.0,""intensity_q3_75th"":11.0,""intensity_std_dev"":553.3,""modality"":""CT"",""number_of_slices"":46,""origin_mm"":[-100.0,36.0,1150.5],""pixel_spacing_mm"":[0.390625,0.390625,3.0],""pixel_type"":""16-bit signed integer"",""rescale_intercept"":0.0,""rescale_slope"":1.0,""rows"":512}"
Collection,Pedi-Cranial-CT-Healthy,55262,,00515_CT.mha,normalized,supporting_spreadsheet,https://www.cancerimagingarchive.net/wp-content/uploads/Pedi-Cranial-CT-Healthy_metadata_report_v7_comprehensive-Final_v01_20260714.tsv,pedi_image_metadata.tsv,48,file_title_exact_match,high,100,"{""columns"":512,""contrast_used"":""None"",""dimensions_xyz"":[512,539,120],""direction_cosines"":[1.0,0.0,0.0,0.0,1.0,0.0,0.0,0.0,1.0],""intensity_max"":2452.0,""intensity_mean"":-538.27,""intensity_median"":-944.0,""intensity_min"":-1024.0,""intensity_q1_25th"":-990.0,""intensity_q3_75th"":13.0,""intensity_std_dev"":555.33,""modality"":""CT"",""number_of_slices"":120,""origin_mm"":[-100.0,-19.994610569635867,68.63723754882812],""pixel_spacing_mm"":[0.390625,0.390625,1.2530517578125],""pixel_type"":""16-bit signed integer"",""rescale_intercept"":0.0,""rescale_slope"":1.0,""rows"":539}"
Collection,Pedi-Cranial-CT-Healthy,55262,,00520_CT.mha,normalized,supporting_spreadsheet,https://www.cancerimagingarchive.net/wp-content/uploads/Pedi-Cranial-CT-Healthy_metadata_report_v7_comprehensive-Final_v01_20260714.tsv,pedi_image_metadata.tsv,49,file_title_exact_match,high,100,"{""columns"":512,""contrast_used"":""None"",""dimensions_xyz"":[512,530,224],""direction_cosines"":[1.0,0.0,0.0,0.0,1.0,0.0,0.0,0.0,1.0],""intensity_max"":2248.0,""intensity_mean"":-997.89,""intensity_median"":-960.0,""intensity_min"":-3024.0,""intensity_q1_25th"":-998.0,""intensity_q3_75th"":22.0,""intensity_std_dev"":1151.26,""modality"":""CT"",""number_of_slices"":224,""origin_mm"":[-103.0,-117.76707304579811,61.91999816894531],""pixel_spacing_mm"":[0.402344,0.402344,0.6260032653808594],""pixel_type"":""16-bit signed integer"",""rescale_intercept"":0.0,""rescale_slope"":1.0,""rows"":530}"
Collection,Pedi-Cranial-CT-Healthy,55262,,00524_CT.mha,normalized,supporting_spreadsheet,https://www.cancerimagingarchive.net/wp-content/uploads/Pedi-Cranial-CT-Healthy_metadata_report_v7_comprehensive-Final_v01_20260714.tsv,pedi_image_metadata.tsv,50,file_title_exact_match,high,100,"{""columns"":511,""contrast_used"":""None"",""dimensions_xyz"":[511,579,112],""direction_cosines"":[1.0,0.0,0.0,0.0,1.0,0.0,0.0,0.0,1.0],""intensity_max"":3071.0,""intensity_mean"":-950.31,""intensity_median"":-962.0,""intensity_min"":-3024.0,""intensity_q1_25th"":-1001.0,""intensity_q3_75th"":0.0,""intensity_std_dev"":1115.97,""modality"":""CT"",""number_of_slices"":112,""origin_mm"":[-103.4000015258789,-137.19798814357836,15.385999679565407],""pixel_spacing_mm"":[0.416016,0.416016,1.2690010070800781],""pixel_type"":""16-bit signed integer"",""rescale_intercept"":0.0,""rescale_slope"":1.0,""rows"":579}"
Collection,Pedi-Cranial-CT-Healthy,55262,,00525_CT.mha,normalized,supporting_spreadsheet,https://www.cancerimagingarchive.net/wp-content/uploads/Pedi-Cranial-CT-Healthy_metadata_report_v7_comprehensive-Final_v01_20260714.tsv,pedi_image_metadata.tsv,51,file_title_exact_match,high,100,"{""columns"":512,""contrast_used"":""None"",""dimensions_xyz"":[512,567,224],""direction_cosines"":[1.0,0.0,0.0,0.0,1.0,0.0,0.0,0.0,1.0],""intensity_max"":2169.0,""intensity_mean"":-983.92,""intensity_median"":-968.0,""intensity_min"":-3024.0,""intensity_q1_25th"":-999.0,""intensity_q3_75th"":0.0,""intensity_std_dev"":1127.49,""modality"":""CT"",""number_of_slices"":224,""origin_mm"":[-125.0,-183.46525741312558,100.14199829101561],""pixel_spacing_mm"":[0.488281,0.488281,0.634002685546875],""pixel_type"":""16-bit signed integer"",""rescale_intercept"":0.0,""rescale_slope"":1.0,""rows"":567}"
Collection,Pedi-Cranial-CT-Healthy,55262,,00527_CT.mha,normalized,supporting_spreadsheet,https://www.cancerimagingarchive.net/wp-content/uploads/Pedi-Cranial-CT-Healthy_metadata_report_v7_comprehensive-Final_v01_20260714.tsv,pedi_image_metadata.tsv,52,file_title_exact_match,high,100,"{""columns"":512,""contrast_used"":""None"",""dimensions_xyz"":[512,555,120],""direction_cosines"":[1.0,0.0,0.0,0.0,1.0,0.0,0.0,0.0,1.0],""intensity_max"":2091.0,""intensity_mean"":-527.63,""intensity_median"":-927.0,""intensity_min"":-1024.0,""intensity_q1_25th"":-991.0,""intensity_q3_75th"":16.0,""intensity_std_dev"":555.4,""modality"":""CT"",""number_of_slices"":120,""origin_mm"":[-100.0,118.97678808642243,1116.2720947265625],""pixel_spacing_mm"":[0.390625,0.390625,1.258056640625],""pixel_type"":""16-bit signed integer"",""rescale_intercept"":0.0,""rescale_slope"":1.0,""rows"":555}"
Collection,Pedi-Cranial-CT-Healthy,55262,,00529_CT.mha,normalized,supporting_spreadsheet,https://www.cancerimagingarchive.net/wp-content/uploads/Pedi-Cranial-CT-Healthy_metadata_report_v7_comprehensive-Final_v01_20260714.tsv,pedi_image_metadata.tsv,53,file_title_exact_match,high,100,"{""columns"":512,""contrast_used"":""None"",""dimensions_xyz"":[512,512,56],""direction_cosines"":[1.0,0.0,0.0,0.0,1.0,0.0,0.0,0.0,1.0],""intensity_max"":1837.0,""intensity_mean"":-495.98,""intensity_median"":-937.0,""intensity_min"":-1024.0,""intensity_q1_25th"":-1001.0,""intensity_q3_75th"":32.0,""intensity_std_dev"":579.05,""modality"":""CT"",""number_of_slices"":56,""origin_mm"":[-91.0,44.0,113.35009765625],""pixel_spacing_mm"":[0.35546875,0.35546875,2.5],""pixel_type"":""16-bit signed integer"",""rescale_intercept"":0.0,""rescale_slope"":1.0,""rows"":512}"
Collection,Pedi-Cranial-CT-Healthy,55262,,00530_CT.mha,normalized,supporting_spreadsheet,https://www.cancerimagingarchive.net/wp-content/uploads/Pedi-Cranial-CT-Healthy_metadata_report_v7_comprehensive-Final_v01_20260714.tsv,pedi_image_metadata.tsv,54,file_title_exact_match,high,100,"{""columns"":512,""contrast_used"":""None"",""dimensions_xyz"":[512,525,120],""direction_cosines"":[1.0,0.0,0.0,0.0,1.0,0.0,0.0,0.0,1.0],""intensity_max"":2976.0,""intensity_mean"":-554.15,""intensity_median"":-956.0,""intensity_min"":-1024.0,""intensity_q1_25th"":-992.0,""intensity_q3_75th"":11.0,""intensity_std_dev"":555.15,""modality"":""CT"",""number_of_slices"":120,""origin_mm"":[-100.0,-6.682890255330903,45.34123229980469],""pixel_spacing_mm"":[0.390625,0.390625,1.251220703125],""pixel_type"":""16-bit signed integer"",""rescale_intercept"":0.0,""rescale_slope"":1.0,""rows"":525}"
Collection,Pedi-Cranial-CT-Healthy,55262,,00536_CT.mha,normalized,supporting_spreadsheet,https://www.cancerimagingarchive.net/wp-content/uploads/Pedi-Cranial-CT-Healthy_metadata_report_v7_comprehensive-Final_v01_20260714.tsv,pedi_image_metadata.tsv,55,file_title_exact_match,high,100,"{""columns"":512,""contrast_used"":""None"",""dimensions_xyz"":[512,596,120],""direction_cosines"":[1.0,0.0,0.0,0.0,1.0,0.0,0.0,0.0,1.0],""intensity_max"":2075.0,""intensity_mean"":-468.7,""intensity_median"":-826.0,""intensity_min"":-1024.0,""intensity_q1_25th"":-989.0,""intensity_q3_75th"":13.0,""intensity_std_dev"":568.44,""modality"":""CT"",""number_of_slices"":120,""origin_mm"":[-100.0,-44.2545452837725,85.6634521484375],""pixel_spacing_mm"":[0.390625,0.390625,1.2734375],""pixel_type"":""16-bit signed integer"",""rescale_intercept"":0.0,""rescale_slope"":1.0,""rows"":596}"
Collection,Pedi-Cranial-CT-Healthy,55262,,00538_CT.mha,normalized,supporting_spreadsheet,https://www.cancerimagingarchive.net/wp-content/uploads/Pedi-Cranial-CT-Healthy_metadata_report_v7_comprehensive-Final_v01_20260714.tsv,pedi_image_metadata.tsv,56,file_title_exact_match,high,100,"{""columns"":512,""contrast_used"":""None"",""dimensions_xyz"":[512,512,56],""direction_cosines"":[1.0,0.0,0.0,0.0,1.0,0.0,0.0,0.0,1.0],""intensity_max"":2275.0,""intensity_mean"":-941.33,""intensity_median"":-954.0,""intensity_min"":-3024.0,""intensity_q1_25th"":-1001.0,""intensity_q3_75th"":27.0,""intensity_std_dev"":1208.75,""modality"":""CT"",""number_of_slices"":56,""origin_mm"":[-94.0,-106.69999694824219,70.25],""pixel_spacing_mm"":[0.367188,0.367188,2.5],""pixel_type"":""16-bit signed integer"",""rescale_intercept"":0.0,""rescale_slope"":1.0,""rows"":512}"
Collection,Pedi-Cranial-CT-Healthy,55262,,00540_CT.mha,normalized,supporting_spreadsheet,https://www.cancerimagingarchive.net/wp-content/uploads/Pedi-Cranial-CT-Healthy_metadata_report_v7_comprehensive-Final_v01_20260714.tsv,pedi_image_metadata.tsv,57,file_title_exact_match,high,100,"{""columns"":512,""contrast_used"":""None"",""dimensions_xyz"":[512,575,224],""direction_cosines"":[1.0,0.0,0.0,0.0,1.0,0.0,0.0,0.0,1.0],""intensity_max"":2104.0,""intensity_mean"":-936.33,""intensity_median"":-939.0,""intensity_min"":-3024.0,""intensity_q1_25th"":-997.0,""intensity_q3_75th"":0.0,""intensity_std_dev"":1130.59,""modality"":""CT"",""number_of_slices"":224,""origin_mm"":[-108.0,-131.19654471846448,92.96299743652342],""pixel_spacing_mm"":[0.421875,0.421875,0.634002685546875],""pixel_type"":""16-bit signed integer"",""rescale_intercept"":0.0,""rescale_slope"":1.0,""rows"":575}"
Collection,Pedi-Cranial-CT-Healthy,55262,,00544_CT.mha,normalized,supporting_spreadsheet,https://www.cancerimagingarchive.net/wp-content/uploads/Pedi-Cranial-CT-Healthy_metadata_report_v7_comprehensive-Final_v01_20260714.tsv,pedi_image_metadata.tsv,58,file_title_exact_match,high,100,"{""columns"":512,""contrast_used"":""None"",""dimensions_xyz"":[512,577,224],""direction_cosines"":[1.0,0.0,0.0,0.0,1.0,0.0,0.0,0.0,1.0],""intensity_max"":2180.0,""intensity_mean"":-916.18,""intensity_median"":-945.0,""intensity_min"":-3024.0,""intensity_q1_25th"":-997.0,""intensity_q3_75th"":18.0,""intensity_std_dev"":1149.31,""modality"":""CT"",""number_of_slices"":224,""origin_mm"":[-110.0,-107.14422239416112,62.2669982910156],""pixel_spacing_mm"":[0.429688,0.429688,0.634002685546875],""pixel_type"":""16-bit signed integer"",""rescale_intercept"":0.0,""rescale_slope"":1.0,""rows"":577}"
Collection,Pedi-Cranial-CT-Healthy,55262,,00554_CT.mha,normalized,supporting_spreadsheet,https://www.cancerimagingarchive.net/wp-content/uploads/Pedi-Cranial-CT-Healthy_metadata_report_v7_comprehensive-Final_v01_20260714.tsv,pedi_image_metadata.tsv,59,file_title_exact_match,high,100,"{""columns"":512,""contrast_used"":""None"",""dimensions_xyz"":[512,512,108],""direction_cosines"":[1.0,0.0,0.0,0.0,1.0,0.0,0.0,0.0,1.0],""intensity_max"":2124.0,""intensity_mean"":-596.68,""intensity_median"":-963.0,""intensity_min"":-1024.0,""intensity_q1_25th"":-993.0,""intensity_q3_75th"":9.0,""intensity_std_dev"":554.7,""modality"":""CT"",""number_of_slices"":108,""origin_mm"":[-100.0,-3.0,67.125],""pixel_spacing_mm"":[0.390625,0.390625,1.25],""pixel_type"":""16-bit signed integer"",""rescale_intercept"":0.0,""rescale_slope"":1.0,""rows"":512}"
Collection,Pedi-Cranial-CT-Healthy,55262,,00559_CT.mha,normalized,supporting_spreadsheet,https://www.cancerimagingarchive.net/wp-content/uploads/Pedi-Cranial-CT-Healthy_metadata_report_v7_comprehensive-Final_v01_20260714.tsv,pedi_image_metadata.tsv,60,file_title_exact_match,high,100,"{""columns"":512,""contrast_used"":""None"",""dimensions_xyz"":[512,530,64],""direction_cosines"":[1.0,0.0,0.0,0.0,1.0,0.0,0.0,0.0,1.0],""intensity_max"":1844.0,""intensity_mean"":-616.13,""intensity_median"":-967.0,""intensity_min"":-1024.0,""intensity_q1_25th"":-1001.0,""intensity_q3_75th"":0.0,""intensity_std_dev"":534.91,""modality"":""CT"",""number_of_slices"":64,""origin_mm"":[-116.5,11.095387861233299,-127.43100738525393],""pixel_spacing_mm"":[0.455078125,0.455078125,2.50341796875],""pixel_type"":""16-bit signed integer"",""rescale_intercept"":0.0,""rescale_slope"":1.0,""rows"":530}"
Collection,Pedi-Cranial-CT-Healthy,55262,,00560_CT.mha,normalized,supporting_spreadsheet,https://www.cancerimagingarchive.net/wp-content/uploads/Pedi-Cranial-CT-Healthy_metadata_report_v7_comprehensive-Final_v01_20260714.tsv,pedi_image_metadata.tsv,61,file_title_exact_match,high,100,"{""columns"":512,""contrast_used"":""None"",""dimensions_xyz"":[512,635,120],""direction_cosines"":[1.0,0.0,0.0,0.0,1.0,0.0,0.0,0.0,1.0],""intensity_max"":2091.0,""intensity_mean"":-487.4,""intensity_median"":-817.0,""intensity_min"":-1024.0,""intensity_q1_25th"":-992.0,""intensity_q3_75th"":0.0,""intensity_std_dev"":540.26,""modality"":""CT"",""number_of_slices"":120,""origin_mm"":[-100.0,-67.12479309078563,67.8418960571289],""pixel_spacing_mm"":[0.390625,0.390625,1.2940673828125],""pixel_type"":""16-bit signed integer"",""rescale_intercept"":0.0,""rescale_slope"":1.0,""rows"":635}"
Collection,Pedi-Cranial-CT-Healthy,55262,,00562_CT.mha,normalized,supporting_spreadsheet,https://www.cancerimagingarchive.net/wp-content/uploads/Pedi-Cranial-CT-Healthy_metadata_report_v7_comprehensive-Final_v01_20260714.tsv,pedi_image_metadata.tsv,62,file_title_exact_match,high,100,"{""columns"":512,""contrast_used"":""None"",""dimensions_xyz"":[512,536,224],""direction_cosines"":[1.0,0.0,0.0,0.0,1.0,0.0,0.0,0.0,1.0],""intensity_max"":2092.0,""intensity_mean"":-930.49,""intensity_median"":-959.0,""intensity_min"":-3024.0,""intensity_q1_25th"":-999.0,""intensity_q3_75th"":27.0,""intensity_std_dev"":1193.21,""modality"":""CT"",""number_of_slices"":224,""origin_mm"":[-106.0,-130.12269835128927,83.29599761962889],""pixel_spacing_mm"":[0.414062,0.414062,0.6269989013671875],""pixel_type"":""16-bit signed integer"",""rescale_intercept"":0.0,""rescale_slope"":1.0,""rows"":536}"
Collection,Pedi-Cranial-CT-Healthy,55262,,00568_CT.mha,normalized,supporting_spreadsheet,https://www.cancerimagingarchive.net/wp-content/uploads/Pedi-Cranial-CT-Healthy_metadata_report_v7_comprehensive-Final_v01_20260714.tsv,pedi_image_metadata.tsv,63,file_title_exact_match,high,100,"{""columns"":512,""contrast_used"":""None"",""dimensions_xyz"":[512,620,55],""direction_cosines"":[1.0,0.0,0.0,0.0,1.0,0.0,0.0,0.0,1.0],""intensity_max"":1862.0,""intensity_mean"":-419.01,""intensity_median"":-165.0,""intensity_min"":-1024.0,""intensity_q1_25th"":-996.0,""intensity_q3_75th"":30.0,""intensity_std_dev"":569.46,""modality"":""CT"",""number_of_slices"":55,""origin_mm"":[-98.0,-16.96844717746623,-216.39379882812494],""pixel_spacing_mm"":[0.3828125,0.3828125,2.582275390625],""pixel_type"":""16-bit signed integer"",""rescale_intercept"":0.0,""rescale_slope"":1.0,""rows"":620}"
Collection,Pedi-Cranial-CT-Healthy,55262,,00571_CT.mha,normalized,supporting_spreadsheet,https://www.cancerimagingarchive.net/wp-content/uploads/Pedi-Cranial-CT-Healthy_metadata_report_v7_comprehensive-Final_v01_20260714.tsv,pedi_image_metadata.tsv,64,file_title_exact_match,high,100,"{""columns"":512,""contrast_used"":""None"",""dimensions_xyz"":[512,635,120],""direction_cosines"":[1.0,0.0,0.0,0.0,1.0,0.0,0.0,0.0,1.0],""intensity_max"":2205.0,""intensity_mean"":-490.24,""intensity_median"":-893.0,""intensity_min"":-1024.0,""intensity_q1_25th"":-990.0,""intensity_q3_75th"":0.0,""intensity_std_dev"":551.08,""modality"":""CT"",""number_of_slices"":120,""origin_mm"":[-100.0,-64.29180835869687,76.32426452636719],""pixel_spacing_mm"":[0.390625,0.390625,1.2940673828125],""pixel_type"":""16-bit signed integer"",""rescale_intercept"":0.0,""rescale_slope"":1.0,""rows"":635}"
Collection,Pedi-Cranial-CT-Healthy,55262,,00572_CT.mha,normalized,supporting_spreadsheet,https://www.cancerimagingarchive.net/wp-content/uploads/Pedi-Cranial-CT-Healthy_metadata_report_v7_comprehensive-Final_v01_20260714.tsv,pedi_image_metadata.tsv,65,file_title_exact_match,high,100,"{""columns"":512,""contrast_used"":""None"",""dimensions_xyz"":[512,512,28],""direction_cosines"":[1.0,0.0,0.0,0.0,1.0,0.0,0.0,0.0,1.0],""intensity_max"":2106.0,""intensity_mean"":-1055.88,""intensity_median"":-971.0,""intensity_min"":-3024.0,""intensity_q1_25th"":-1013.0,""intensity_q3_75th"":9.0,""intensity_std_dev"":1138.81,""modality"":""CT"",""number_of_slices"":28,""origin_mm"":[-110.0,-120.4000015258789,-1.5],""pixel_spacing_mm"":[0.429688,0.429688,5.0],""pixel_type"":""16-bit signed integer"",""rescale_intercept"":0.0,""rescale_slope"":1.0,""rows"":512}"
Collection,Pedi-Cranial-CT-Healthy,55262,,00573_CT.mha,normalized,supporting_spreadsheet,https://www.cancerimagingarchive.net/wp-content/uploads/Pedi-Cranial-CT-Healthy_metadata_report_v7_comprehensive-Final_v01_20260714.tsv,pedi_image_metadata.tsv,66,file_title_exact_match,high,100,"{""columns"":512,""contrast_used"":""None"",""dimensions_xyz"":[512,512,224],""direction_cosines"":[1.0,0.0,0.0,0.0,1.0,0.0,0.0,0.0,1.0],""intensity_max"":2333.0,""intensity_mean"":-1121.05,""intensity_median"":-983.0,""intensity_min"":-3024.0,""intensity_q1_25th"":-1015.0,""intensity_q3_75th"":-500.0,""intensity_std_dev"":1113.29,""modality"":""CT"",""number_of_slices"":224,""origin_mm"":[-125.0,-125.0,60.3129997253418],""pixel_spacing_mm"":[0.488281,0.488281,0.625],""pixel_type"":""16-bit signed integer"",""rescale_intercept"":0.0,""rescale_slope"":1.0,""rows"":512}"
Collection,Pedi-Cranial-CT-Healthy,55262,,00574_CT.mha,normalized,supporting_spreadsheet,https://www.cancerimagingarchive.net/wp-content/uploads/Pedi-Cranial-CT-Healthy_metadata_report_v7_comprehensive-Final_v01_20260714.tsv,pedi_image_metadata.tsv,67,file_title_exact_match,high,100,"{""columns"":512,""contrast_used"":""None"",""dimensions_xyz"":[512,512,60],""direction_cosines"":[1.0,0.0,0.0,0.0,1.0,0.0,0.0,0.0,1.0],""intensity_max"":1840.0,""intensity_mean"":-644.4,""intensity_median"":-976.0,""intensity_min"":-1024.0,""intensity_q1_25th"":-1002.0,""intensity_q3_75th"":19.0,""intensity_std_dev"":533.46,""modality"":""CT"",""number_of_slices"":60,""origin_mm"":[-120.0,16.0,-443.449951171875],""pixel_spacing_mm"":[0.46875,0.46875,2.5],""pixel_type"":""16-bit signed integer"",""rescale_intercept"":0.0,""rescale_slope"":1.0,""rows"":512}"
Collection,Pedi-Cranial-CT-Healthy,55262,,00577_CT.mha,normalized,supporting_spreadsheet,https://www.cancerimagingarchive.net/wp-content/uploads/Pedi-Cranial-CT-Healthy_metadata_report_v7_comprehensive-Final_v01_20260714.tsv,pedi_image_metadata.tsv,68,file_title_exact_match,high,100,"{""columns"":512,""contrast_used"":""None"",""dimensions_xyz"":[512,623,119],""direction_cosines"":[1.0,0.0,0.0,0.0,1.0,0.0,0.0,0.0,1.0],""intensity_max"":2251.0,""intensity_mean"":-454.87,""intensity_median"":-692.0,""intensity_min"":-1024.0,""intensity_q1_25th"":-982.0,""intensity_q3_75th"":6.0,""intensity_std_dev"":554.35,""modality"":""CT"",""number_of_slices"":119,""origin_mm"":[-102.0,-60.72688246277292,61.45383834838866],""pixel_spacing_mm"":[0.3984375,0.3984375,1.2882080078125],""pixel_type"":""16-bit signed integer"",""rescale_intercept"":0.0,""rescale_slope"":1.0,""rows"":623}"
Collection,Pedi-Cranial-CT-Healthy,55262,,00580_CT.mha,normalized,supporting_spreadsheet,https://www.cancerimagingarchive.net/wp-content/uploads/Pedi-Cranial-CT-Healthy_metadata_report_v7_comprehensive-Final_v01_20260714.tsv,pedi_image_metadata.tsv,69,file_title_exact_match,high,100,"{""columns"":512,""contrast_used"":""None"",""dimensions_xyz"":[512,676,224],""direction_cosines"":[1.0,0.0,0.0,0.0,1.0,0.0,0.0,0.0,1.0],""intensity_max"":2115.0,""intensity_mean"":-848.79,""intensity_median"":-931.0,""intensity_min"":-3024.0,""intensity_q1_25th"":-997.0,""intensity_q3_75th"":0.0,""intensity_std_dev"":1120.01,""modality"":""CT"",""number_of_slices"":224,""origin_mm"":[-125.0,-209.5322369599061,114.98200225830077],""pixel_spacing_mm"":[0.488281,0.488281,0.6739959716796875],""pixel_type"":""16-bit signed integer"",""rescale_intercept"":0.0,""rescale_slope"":1.0,""rows"":676}"
Collection,Pedi-Cranial-CT-Healthy,55262,,00584_CT.mha,normalized,supporting_spreadsheet,https://www.cancerimagingarchive.net/wp-content/uploads/Pedi-Cranial-CT-Healthy_metadata_report_v7_comprehensive-Final_v01_20260714.tsv,pedi_image_metadata.tsv,70,file_title_exact_match,high,100,"{""columns"":512,""contrast_used"":""None"",""dimensions_xyz"":[512,539,64],""direction_cosines"":[1.0,0.0,0.0,0.0,1.0,0.0,0.0,0.0,1.0],""intensity_max"":2257.0,""intensity_mean"":-1056.55,""intensity_median"":-985.0,""intensity_min"":-3024.0,""intensity_q1_25th"":-1008.0,""intensity_q3_75th"":0.0,""intensity_std_dev"":1109.42,""modality"":""CT"",""number_of_slices"":64,""origin_mm"":[-125.00000000000003,-139.439677512113,-10.222000122070327],""pixel_spacing_mm"":[0.488281,0.488281,2.507999897003174],""pixel_type"":""16-bit signed integer"",""rescale_intercept"":0.0,""rescale_slope"":1.0,""rows"":539}"
Collection,Pedi-Cranial-CT-Healthy,55262,,00590_CT.mha,normalized,supporting_spreadsheet,https://www.cancerimagingarchive.net/wp-content/uploads/Pedi-Cranial-CT-Healthy_metadata_report_v7_comprehensive-Final_v01_20260714.tsv,pedi_image_metadata.tsv,71,file_title_exact_match,high,100,"{""columns"":512,""contrast_used"":""None"",""dimensions_xyz"":[512,512,224],""direction_cosines"":[1.0,0.0,0.0,0.0,1.0,0.0,0.0,0.0,1.0],""intensity_max"":2280.0,""intensity_mean"":-1105.14,""intensity_median"":-980.0,""intensity_min"":-3024.0,""intensity_q1_25th"":-1003.0,""intensity_q3_75th"":-111.0,""intensity_std_dev"":1110.67,""modality"":""CT"",""number_of_slices"":224,""origin_mm"":[-125.0,-125.0,68.81300354003906],""pixel_spacing_mm"":[0.488281,0.488281,0.625],""pixel_type"":""16-bit signed integer"",""rescale_intercept"":0.0,""rescale_slope"":1.0,""rows"":512}"
Collection,Pedi-Cranial-CT-Healthy,55262,,00591_CT.mha,normalized,supporting_spreadsheet,https://www.cancerimagingarchive.net/wp-content/uploads/Pedi-Cranial-CT-Healthy_metadata_report_v7_comprehensive-Final_v01_20260714.tsv,pedi_image_metadata.tsv,72,file_title_exact_match,high,100,"{""columns"":511,""contrast_used"":""None"",""dimensions_xyz"":[511,511,128],""direction_cosines"":[1.0,0.0,0.0,0.0,1.0,0.0,0.0,0.0,1.0],""intensity_max"":2387.0,""intensity_mean"":-1044.22,""intensity_median"":-972.0,""intensity_min"":-3024.0,""intensity_q1_25th"":-1010.0,""intensity_q3_75th"":-4.0,""intensity_std_dev"":1142.87,""modality"":""CT"",""number_of_slices"":128,""origin_mm"":[-115.5,-121.69999694824219,65.875],""pixel_spacing_mm"":[0.451172,0.451172,1.25],""pixel_type"":""16-bit signed integer"",""rescale_intercept"":0.0,""rescale_slope"":1.0,""rows"":511}"
Collection,Pedi-Cranial-CT-Healthy,55262,,00592_CT.mha,normalized,supporting_spreadsheet,https://www.cancerimagingarchive.net/wp-content/uploads/Pedi-Cranial-CT-Healthy_metadata_report_v7_comprehensive-Final_v01_20260714.tsv,pedi_image_metadata.tsv,73,file_title_exact_match,high,100,"{""columns"":512,""contrast_used"":""None"",""dimensions_xyz"":[512,536,64],""direction_cosines"":[1.0,0.0,0.0,0.0,1.0,0.0,0.0,0.0,1.0],""intensity_max"":1814.0,""intensity_mean"":-561.09,""intensity_median"":-966.0,""intensity_min"":-1024.0,""intensity_q1_25th"":-1001.0,""intensity_q3_75th"":26.0,""intensity_std_dev"":566.31,""modality"":""CT"",""number_of_slices"":64,""origin_mm"":[-120.0,-7.337464894351225,95.78179931640625],""pixel_spacing_mm"":[0.46875,0.46875,2.5076904296875],""pixel_type"":""16-bit signed integer"",""rescale_intercept"":0.0,""rescale_slope"":1.0,""rows"":536}"
Collection,Pedi-Cranial-CT-Healthy,55262,,00594_CT.mha,normalized,supporting_spreadsheet,https://www.cancerimagingarchive.net/wp-content/uploads/Pedi-Cranial-CT-Healthy_metadata_report_v7_comprehensive-Final_v01_20260714.tsv,pedi_image_metadata.tsv,74,file_title_exact_match,high,100,"{""columns"":512,""contrast_used"":""None"",""dimensions_xyz"":[512,549,256],""direction_cosines"":[1.0,0.0,0.0,0.0,1.0,0.0,0.0,0.0,1.0],""intensity_max"":2187.0,""intensity_mean"":-1010.42,""intensity_median"":-982.0,""intensity_min"":-3024.0,""intensity_q1_25th"":-1001.0,""intensity_q3_75th"":0.0,""intensity_std_dev"":1130.48,""modality"":""CT"",""number_of_slices"":256,""origin_mm"":[-125.0,-145.055127306155,83.03800201416013],""pixel_spacing_mm"":[0.488281,0.488281,0.628997802734375],""pixel_type"":""16-bit signed integer"",""rescale_intercept"":0.0,""rescale_slope"":1.0,""rows"":549}"
Collection,Pedi-Cranial-CT-Healthy,55262,,00596_CT.mha,normalized,supporting_spreadsheet,https://www.cancerimagingarchive.net/wp-content/uploads/Pedi-Cranial-CT-Healthy_metadata_report_v7_comprehensive-Final_v01_20260714.tsv,pedi_image_metadata.tsv,75,file_title_exact_match,high,100,"{""columns"":512,""contrast_used"":""None"",""dimensions_xyz"":[512,644,108],""direction_cosines"":[1.0,0.0,0.0,0.0,1.0,0.0,0.0,0.0,1.0],""intensity_max"":2073.0,""intensity_mean"":-439.66,""intensity_median"":-509.0,""intensity_min"":-1024.0,""intensity_q1_25th"":-991.0,""intensity_q3_75th"":5.0,""intensity_std_dev"":553.22,""modality"":""CT"",""number_of_slices"":108,""origin_mm"":[-100.0,14.820994552127905,33.532188415527315],""pixel_spacing_mm"":[0.390625,0.390625,1.30712890625],""pixel_type"":""16-bit signed integer"",""rescale_intercept"":0.0,""rescale_slope"":1.0,""rows"":644}"
Collection,Pedi-Cranial-CT-Healthy,55262,,00604_CT.mha,normalized,supporting_spreadsheet,https://www.cancerimagingarchive.net/wp-content/uploads/Pedi-Cranial-CT-Healthy_metadata_report_v7_comprehensive-Final_v01_20260714.tsv,pedi_image_metadata.tsv,76,file_title_exact_match,high,100,"{""columns"":512,""contrast_used"":""None"",""dimensions_xyz"":[512,512,224],""direction_cosines"":[1.0,0.0,0.0,0.0,1.0,0.0,0.0,0.0,1.0],""intensity_max"":2179.0,""intensity_mean"":-1014.75,""intensity_median"":-944.0,""intensity_min"":-3024.0,""intensity_q1_25th"":-999.0,""intensity_q3_75th"":17.0,""intensity_std_dev"":1154.62,""modality"":""CT"",""number_of_slices"":224,""origin_mm"":[-109.0,-100.69999694824219,61.0629997253418],""pixel_spacing_mm"":[0.425781,0.425781,0.625],""pixel_type"":""16-bit signed integer"",""rescale_intercept"":0.0,""rescale_slope"":1.0,""rows"":512}"
Collection,Pedi-Cranial-CT-Healthy,55262,,00606_CT.mha,normalized,supporting_spreadsheet,https://www.cancerimagingarchive.net/wp-content/uploads/Pedi-Cranial-CT-Healthy_metadata_report_v7_comprehensive-Final_v01_20260714.tsv,pedi_image_metadata.tsv,77,file_title_exact_match,high,100,"{""columns"":512,""contrast_used"":""None"",""dimensions_xyz"":[512,512,120],""direction_cosines"":[1.0,0.0,0.0,0.0,1.0,0.0,0.0,0.0,1.0],""intensity_max"":2218.0,""intensity_mean"":-533.84,""intensity_median"":-951.0,""intensity_min"":-1024.0,""intensity_q1_25th"":-989.0,""intensity_q3_75th"":21.0,""intensity_std_dev"":579.07,""modality"":""CT"",""number_of_slices"":120,""origin_mm"":[-100.0,2.0,166.425048828125],""pixel_spacing_mm"":[0.390625,0.390625,1.25],""pixel_type"":""16-bit signed integer"",""rescale_intercept"":0.0,""rescale_slope"":1.0,""rows"":512}"
Collection,Pedi-Cranial-CT-Healthy,55262,,00608_CT.mha,normalized,supporting_spreadsheet,https://www.cancerimagingarchive.net/wp-content/uploads/Pedi-Cranial-CT-Healthy_metadata_report_v7_comprehensive-Final_v01_20260714.tsv,pedi_image_metadata.tsv,78,file_title_exact_match,high,100,"{""columns"":512,""contrast_used"":""None"",""dimensions_xyz"":[512,512,256],""direction_cosines"":[1.0,0.0,0.0,0.0,1.0,0.0,0.0,0.0,1.0],""intensity_max"":2228.0,""intensity_mean"":-1016.35,""intensity_median"":-964.0,""intensity_min"":-3024.0,""intensity_q1_25th"":-1002.0,""intensity_q3_75th"":18.0,""intensity_std_dev"":1160.43,""modality"":""CT"",""number_of_slices"":256,""origin_mm"":[-104.0,-99.9000015258789,79.56300354003906],""pixel_spacing_mm"":[0.40625,0.40625,0.625],""pixel_type"":""16-bit signed integer"",""rescale_intercept"":0.0,""rescale_slope"":1.0,""rows"":512}"
Collection,Pedi-Cranial-CT-Healthy,55262,,00609_CT.mha,normalized,supporting_spreadsheet,https://www.cancerimagingarchive.net/wp-content/uploads/Pedi-Cranial-CT-Healthy_metadata_report_v7_comprehensive-Final_v01_20260714.tsv,pedi_image_metadata.tsv,79,file_title_exact_match,high,100,"{""columns"":512,""contrast_used"":""None"",""dimensions_xyz"":[512,548,120],""direction_cosines"":[1.0,0.0,0.0,0.0,1.0,0.0,0.0,0.0,1.0],""intensity_max"":2131.0,""intensity_mean"":-466.08,""intensity_median"":-832.0,""intensity_min"":-1024.0,""intensity_q1_25th"":-990.0,""intensity_q3_75th"":20.0,""intensity_std_dev"":567.98,""modality"":""CT"",""number_of_slices"":120,""origin_mm"":[-98.0,9.320389979113134,81.12371826171871],""pixel_spacing_mm"":[0.3828125,0.3828125,1.2547607421875],""pixel_type"":""16-bit signed integer"",""rescale_intercept"":0.0,""rescale_slope"":1.0,""rows"":548}"
Collection,Pedi-Cranial-CT-Healthy,55262,,00610_CT.mha,normalized,supporting_spreadsheet,https://www.cancerimagingarchive.net/wp-content/uploads/Pedi-Cranial-CT-Healthy_metadata_report_v7_comprehensive-Final_v01_20260714.tsv,pedi_image_metadata.tsv,80,file_title_exact_match,high,100,"{""columns"":512,""contrast_used"":""None"",""dimensions_xyz"":[512,565,108],""direction_cosines"":[1.0,0.0,0.0,0.0,1.0,0.0,0.0,0.0,1.0],""intensity_max"":2145.0,""intensity_mean"":-461.66,""intensity_median"":-778.0,""intensity_min"":-1024.0,""intensity_q1_25th"":-990.0,""intensity_q3_75th"":19.0,""intensity_std_dev"":564.26,""modality"":""CT"",""number_of_slices"":108,""origin_mm"":[-100.0,-21.68788742798355,134.76325988769523],""pixel_spacing_mm"":[0.390625,0.390625,1.2637939453125],""pixel_type"":""16-bit signed integer"",""rescale_intercept"":0.0,""rescale_slope"":1.0,""rows"":565}"
Collection,Pedi-Cranial-CT-Healthy,55262,,00618_CT.mha,normalized,supporting_spreadsheet,https://www.cancerimagingarchive.net/wp-content/uploads/Pedi-Cranial-CT-Healthy_metadata_report_v7_comprehensive-Final_v01_20260714.tsv,pedi_image_metadata.tsv,81,file_title_exact_match,high,100,"{""columns"":512,""contrast_used"":""None"",""dimensions_xyz"":[512,571,120],""direction_cosines"":[1.0,0.0,0.0,0.0,1.0,0.0,0.0,0.0,1.0],""intensity_max"":2111.0,""intensity_mean"":-459.06,""intensity_median"":-744.0,""intensity_min"":-1024.0,""intensity_q1_25th"":-988.0,""intensity_q3_75th"":16.0,""intensity_std_dev"":566.7,""modality"":""CT"",""number_of_slices"":120,""origin_mm"":[-100.0,-44.72497983929168,81.54602813720697],""pixel_spacing_mm"":[0.390625,0.390625,1.26220703125],""pixel_type"":""16-bit signed integer"",""rescale_intercept"":0.0,""rescale_slope"":1.0,""rows"":571}"
Collection,Pedi-Cranial-CT-Healthy,55262,,00622_CT.mha,normalized,supporting_spreadsheet,https://www.cancerimagingarchive.net/wp-content/uploads/Pedi-Cranial-CT-Healthy_metadata_report_v7_comprehensive-Final_v01_20260714.tsv,pedi_image_metadata.tsv,82,file_title_exact_match,high,100,"{""columns"":512,""contrast_used"":""None"",""dimensions_xyz"":[512,539,120],""direction_cosines"":[1.0,0.0,0.0,0.0,1.0,0.0,0.0,0.0,1.0],""intensity_max"":2081.0,""intensity_mean"":-513.96,""intensity_median"":-912.0,""intensity_min"":-1024.0,""intensity_q1_25th"":-992.0,""intensity_q3_75th"":12.0,""intensity_std_dev"":564.2,""modality"":""CT"",""number_of_slices"":120,""origin_mm"":[-100.0,-3.801142793151889,55.950824737548785],""pixel_spacing_mm"":[0.390625,0.390625,1.25390625],""pixel_type"":""16-bit signed integer"",""rescale_intercept"":0.0,""rescale_slope"":1.0,""rows"":539}"
Collection,Pedi-Cranial-CT-Healthy,55262,,00626_CT.mha,normalized,supporting_spreadsheet,https://www.cancerimagingarchive.net/wp-content/uploads/Pedi-Cranial-CT-Healthy_metadata_report_v7_comprehensive-Final_v01_20260714.tsv,pedi_image_metadata.tsv,83,file_title_exact_match,high,100,"{""columns"":512,""contrast_used"":""None"",""dimensions_xyz"":[512,616,108],""direction_cosines"":[1.0,0.0,0.0,0.0,1.0,0.0,0.0,0.0,1.0],""intensity_max"":2268.0,""intensity_mean"":-491.7,""intensity_median"":-854.0,""intensity_min"":-1024.0,""intensity_q1_25th"":-987.0,""intensity_q3_75th"":0.0,""intensity_std_dev"":550.69,""modality"":""CT"",""number_of_slices"":108,""origin_mm"":[-110.0,-66.30344162294647,65.3771743774414],""pixel_spacing_mm"":[0.4296875,0.4296875,1.2940673828125],""pixel_type"":""16-bit signed integer"",""rescale_intercept"":0.0,""rescale_slope"":1.0,""rows"":616}"
Collection,Pedi-Cranial-CT-Healthy,55262,,00630_CT.mha,normalized,supporting_spreadsheet,https://www.cancerimagingarchive.net/wp-content/uploads/Pedi-Cranial-CT-Healthy_metadata_report_v7_comprehensive-Final_v01_20260714.tsv,pedi_image_metadata.tsv,84,file_title_exact_match,high,100,"{""columns"":512,""contrast_used"":""None"",""dimensions_xyz"":[512,527,26],""direction_cosines"":[1.0,0.0,0.0,0.0,1.0,0.0,0.0,0.0,1.0],""intensity_max"":2165.0,""intensity_mean"":-1017.25,""intensity_median"":-967.0,""intensity_min"":-3024.0,""intensity_q1_25th"":-1012.0,""intensity_q3_75th"":6.0,""intensity_std_dev"":1153.76,""modality"":""CT"",""number_of_slices"":26,""origin_mm"":[-110.0,-124.91802900045928,1.956928014755249],""pixel_spacing_mm"":[0.429688,0.429688,5.006862640380859],""pixel_type"":""16-bit signed integer"",""rescale_intercept"":0.0,""rescale_slope"":1.0,""rows"":527}"
Collection,Pedi-Cranial-CT-Healthy,55262,,00631_CT.mha,normalized,supporting_spreadsheet,https://www.cancerimagingarchive.net/wp-content/uploads/Pedi-Cranial-CT-Healthy_metadata_report_v7_comprehensive-Final_v01_20260714.tsv,pedi_image_metadata.tsv,85,file_title_exact_match,high,100,"{""columns"":512,""contrast_used"":""None"",""dimensions_xyz"":[512,525,120],""direction_cosines"":[1.0,0.0,0.0,0.0,1.0,0.0,0.0,0.0,1.0],""intensity_max"":2095.0,""intensity_mean"":-499.93,""intensity_median"":-838.0,""intensity_min"":-1024.0,""intensity_q1_25th"":-994.0,""intensity_q3_75th"":18.0,""intensity_std_dev"":558.58,""modality"":""CT"",""number_of_slices"":120,""origin_mm"":[-100.0,-36.47712358302869,70.19931030273436],""pixel_spacing_mm"":[0.390625,0.390625,1.251220703125],""pixel_type"":""16-bit signed integer"",""rescale_intercept"":0.0,""rescale_slope"":1.0,""rows"":525}"
Collection,Pedi-Cranial-CT-Healthy,55262,,00636_CT.mha,normalized,supporting_spreadsheet,https://www.cancerimagingarchive.net/wp-content/uploads/Pedi-Cranial-CT-Healthy_metadata_report_v7_comprehensive-Final_v01_20260714.tsv,pedi_image_metadata.tsv,86,file_title_exact_match,high,100,"{""columns"":512,""contrast_used"":""None"",""dimensions_xyz"":[512,649,256],""direction_cosines"":[1.0,0.0,0.0,0.0,1.0,0.0,0.0,0.0,1.0],""intensity_max"":2219.0,""intensity_mean"":-912.68,""intensity_median"":-961.0,""intensity_min"":-3024.0,""intensity_q1_25th"":-997.0,""intensity_q3_75th"":0.0,""intensity_std_dev"":1100.53,""modality"":""CT"",""number_of_slices"":256,""origin_mm"":[-125.0,-212.27702587450892,101.07700347900388],""pixel_spacing_mm"":[0.488281,0.488281,0.6569976806640625],""pixel_type"":""16-bit signed integer"",""rescale_intercept"":0.0,""rescale_slope"":1.0,""rows"":649}"
Collection,Pedi-Cranial-CT-Healthy,55262,,00638_CT.mha,normalized,supporting_spreadsheet,https://www.cancerimagingarchive.net/wp-content/uploads/Pedi-Cranial-CT-Healthy_metadata_report_v7_comprehensive-Final_v01_20260714.tsv,pedi_image_metadata.tsv,87,file_title_exact_match,high,100,"{""columns"":512,""contrast_used"":""None"",""dimensions_xyz"":[512,512,224],""direction_cosines"":[1.0,0.0,0.0,0.0,1.0,0.0,0.0,0.0,1.0],""intensity_max"":2241.0,""intensity_mean"":-1056.92,""intensity_median"":-971.0,""intensity_min"":-3024.0,""intensity_q1_25th"":-1001.0,""intensity_q3_75th"":7.0,""intensity_std_dev"":1139.69,""modality"":""CT"",""number_of_slices"":224,""origin_mm"":[-125.0,-125.0,83.31300354003906],""pixel_spacing_mm"":[0.488281,0.488281,0.625],""pixel_type"":""16-bit signed integer"",""rescale_intercept"":0.0,""rescale_slope"":1.0,""rows"":512}"
Collection,Pedi-Cranial-CT-Healthy,55262,,00639_CT.mha,normalized,supporting_spreadsheet,https://www.cancerimagingarchive.net/wp-content/uploads/Pedi-Cranial-CT-Healthy_metadata_report_v7_comprehensive-Final_v01_20260714.tsv,pedi_image_metadata.tsv,88,file_title_exact_match,high,100,"{""columns"":512,""contrast_used"":""None"",""dimensions_xyz"":[512,583,256],""direction_cosines"":[1.0,0.0,0.0,0.0,1.0,0.0,0.0,0.0,1.0],""intensity_max"":2185.0,""intensity_mean"":-918.42,""intensity_median"":-958.0,""intensity_min"":-3024.0,""intensity_q1_25th"":-999.0,""intensity_q3_75th"":5.0,""intensity_std_dev"":1139.49,""modality"":""CT"",""number_of_slices"":256,""origin_mm"":[-108.0,-154.87240778506182,72.37899780273436],""pixel_spacing_mm"":[0.421875,0.421875,0.634002685546875],""pixel_type"":""16-bit signed integer"",""rescale_intercept"":0.0,""rescale_slope"":1.0,""rows"":583}"
Collection,Pedi-Cranial-CT-Healthy,55262,,00645_CT.mha,normalized,supporting_spreadsheet,https://www.cancerimagingarchive.net/wp-content/uploads/Pedi-Cranial-CT-Healthy_metadata_report_v7_comprehensive-Final_v01_20260714.tsv,pedi_image_metadata.tsv,89,file_title_exact_match,high,100,"{""columns"":512,""contrast_used"":""None"",""dimensions_xyz"":[512,555,120],""direction_cosines"":[1.0,0.0,0.0,0.0,1.0,0.0,0.0,0.0,1.0],""intensity_max"":2123.0,""intensity_mean"":-518.47,""intensity_median"":-943.0,""intensity_min"":-1024.0,""intensity_q1_25th"":-997.0,""intensity_q3_75th"":17.0,""intensity_std_dev"":572.01,""modality"":""CT"",""number_of_slices"":120,""origin_mm"":[-100.0,-0.6333063976858391,91.20052337646484],""pixel_spacing_mm"":[0.390625,0.390625,1.2568359375],""pixel_type"":""16-bit signed integer"",""rescale_intercept"":0.0,""rescale_slope"":1.0,""rows"":555}"
Collection,Pedi-Cranial-CT-Healthy,55262,,00766_CT.mha,normalized,supporting_spreadsheet,https://www.cancerimagingarchive.net/wp-content/uploads/Pedi-Cranial-CT-Healthy_metadata_report_v7_comprehensive-Final_v01_20260714.tsv,pedi_image_metadata.tsv,90,file_title_exact_match,high,100,"{""columns"":512,""contrast_used"":""None"",""dimensions_xyz"":[512,512,26],""direction_cosines"":[1.0,0.0,0.0,0.0,1.0,0.0,0.0,0.0,1.0],""intensity_max"":2093.0,""intensity_mean"":-1053.96,""intensity_median"":-973.0,""intensity_min"":-3024.0,""intensity_q1_25th"":-1015.0,""intensity_q3_75th"":16.0,""intensity_std_dev"":1144.9,""modality"":""CT"",""number_of_slices"":26,""origin_mm"":[-110.0,-125.0,14.75],""pixel_spacing_mm"":[0.429688,0.429688,5.0],""pixel_type"":""16-bit signed integer"",""rescale_intercept"":0.0,""rescale_slope"":1.0,""rows"":512}"
Collection,Pedi-Cranial-CT-Healthy,55262,,00854_CT.mha,normalized,supporting_spreadsheet,https://www.cancerimagingarchive.net/wp-content/uploads/Pedi-Cranial-CT-Healthy_metadata_report_v7_comprehensive-Final_v01_20260714.tsv,pedi_image_metadata.tsv,91,file_title_exact_match,high,100,"{""columns"":512,""contrast_used"":""None"",""dimensions_xyz"":[512,512,56],""direction_cosines"":[1.0,0.0,0.0,0.0,1.0,0.0,0.0,0.0,1.0],""intensity_max"":3047.0,""intensity_mean"":-1114.18,""intensity_median"":-983.0,""intensity_min"":-3024.0,""intensity_q1_25th"":-1011.0,""intensity_q3_75th"":-93.0,""intensity_std_dev"":1102.81,""modality"":""CT"",""number_of_slices"":56,""origin_mm"":[-125.0,-128.8000030517578,-8.25],""pixel_spacing_mm"":[0.488281,0.488281,2.5],""pixel_type"":""16-bit signed integer"",""rescale_intercept"":0.0,""rescale_slope"":1.0,""rows"":512}"
Collection,Pedi-Cranial-CT-Healthy,55262,,00861_CT.mha,normalized,supporting_spreadsheet,https://www.cancerimagingarchive.net/wp-content/uploads/Pedi-Cranial-CT-Healthy_metadata_report_v7_comprehensive-Final_v01_20260714.tsv,pedi_image_metadata.tsv,92,file_title_exact_match,high,100,"{""columns"":512,""contrast_used"":""None"",""dimensions_xyz"":[512,564,224],""direction_cosines"":[1.0,0.0,0.0,0.0,1.0,0.0,0.0,0.0,1.0],""intensity_max"":2201.0,""intensity_mean"":-967.65,""intensity_median"":-954.0,""intensity_min"":-3024.0,""intensity_q1_25th"":-998.0,""intensity_q3_75th"":1.0,""intensity_std_dev"":1131.17,""modality"":""CT"",""number_of_slices"":224,""origin_mm"":[-114.0,-147.6042695467471,58.20600128173828],""pixel_spacing_mm"":[0.445312,0.445312,0.6319999694824219],""pixel_type"":""16-bit signed integer"",""rescale_intercept"":0.0,""rescale_slope"":1.0,""rows"":564}"
Collection,Pedi-Cranial-CT-Healthy,55262,,00872_CT.mha,normalized,supporting_spreadsheet,https://www.cancerimagingarchive.net/wp-content/uploads/Pedi-Cranial-CT-Healthy_metadata_report_v7_comprehensive-Final_v01_20260714.tsv,pedi_image_metadata.tsv,93,file_title_exact_match,high,100,"{""columns"":512,""contrast_used"":""None"",""dimensions_xyz"":[512,645,224],""direction_cosines"":[1.0,0.0,0.0,0.0,1.0,0.0,0.0,0.0,1.0],""intensity_max"":2186.0,""intensity_mean"":-911.29,""intensity_median"":-951.0,""intensity_min"":-3024.0,""intensity_q1_25th"":-996.0,""intensity_q3_75th"":0.0,""intensity_std_dev"":1108.14,""modality"":""CT"",""number_of_slices"":224,""origin_mm"":[-125.0,-206.92300998181173,100.96099853515624],""pixel_spacing_mm"":[0.488281,0.488281,0.6610031127929688],""pixel_type"":""16-bit signed integer"",""rescale_intercept"":0.0,""rescale_slope"":1.0,""rows"":645}"
Collection,Pedi-Cranial-CT-Healthy,55262,,00875_CT.mha,normalized,supporting_spreadsheet,https://www.cancerimagingarchive.net/wp-content/uploads/Pedi-Cranial-CT-Healthy_metadata_report_v7_comprehensive-Final_v01_20260714.tsv,pedi_image_metadata.tsv,94,file_title_exact_match,high,100,"{""columns"":512,""contrast_used"":""None"",""dimensions_xyz"":[512,559,64],""direction_cosines"":[1.0,0.0,0.0,0.0,1.0,0.0,0.0,0.0,1.0],""intensity_max"":3070.0,""intensity_mean"":-999.79,""intensity_median"":-976.0,""intensity_min"":-3024.0,""intensity_q1_25th"":-1008.0,""intensity_q3_75th"":0.0,""intensity_std_dev"":1139.21,""modality"":""CT"",""number_of_slices"":64,""origin_mm"":[-125.0,-144.17391086363432,-50.78900146484378],""pixel_spacing_mm"":[0.488281,0.488281,2.522003173828125],""pixel_type"":""16-bit signed integer"",""rescale_intercept"":0.0,""rescale_slope"":1.0,""rows"":559}"
Collection,Pedi-Cranial-CT-Healthy,55262,,00880_CT.mha,normalized,supporting_spreadsheet,https://www.cancerimagingarchive.net/wp-content/uploads/Pedi-Cranial-CT-Healthy_metadata_report_v7_comprehensive-Final_v01_20260714.tsv,pedi_image_metadata.tsv,95,file_title_exact_match,high,100,"{""columns"":512,""contrast_used"":""None"",""dimensions_xyz"":[512,551,224],""direction_cosines"":[1.0,0.0,0.0,0.0,1.0,0.0,0.0,0.0,1.0],""intensity_max"":2115.0,""intensity_mean"":-1044.15,""intensity_median"":-978.0,""intensity_min"":-3024.0,""intensity_q1_25th"":-1000.0,""intensity_q3_75th"":0.0,""intensity_std_dev"":1097.44,""modality"":""CT"",""number_of_slices"":224,""origin_mm"":[-125.0,-163.41488377766456,59.96200180053708],""pixel_spacing_mm"":[0.488281,0.488281,0.6299972534179688],""pixel_type"":""16-bit signed integer"",""rescale_intercept"":0.0,""rescale_slope"":1.0,""rows"":551}"
Collection,Pedi-Cranial-CT-Healthy,55262,,00887_CT.mha,normalized,supporting_spreadsheet,https://www.cancerimagingarchive.net/wp-content/uploads/Pedi-Cranial-CT-Healthy_metadata_report_v7_comprehensive-Final_v01_20260714.tsv,pedi_image_metadata.tsv,96,file_title_exact_match,high,100,"{""columns"":512,""contrast_used"":""None"",""dimensions_xyz"":[512,577,224],""direction_cosines"":[1.0,0.0,0.0,0.0,1.0,0.0,0.0,0.0,1.0],""intensity_max"":3071.0,""intensity_mean"":-973.83,""intensity_median"":-963.0,""intensity_min"":-3024.0,""intensity_q1_25th"":-999.0,""intensity_q3_75th"":0.0,""intensity_std_dev"":1106.2,""modality"":""CT"",""number_of_slices"":224,""origin_mm"":[-96.50000000000003,-120.01772646055848,45.680999755859354],""pixel_spacing_mm"":[0.376953,0.376953,0.6329994201660156],""pixel_type"":""16-bit signed integer"",""rescale_intercept"":0.0,""rescale_slope"":1.0,""rows"":577}"
Collection,Pedi-Cranial-CT-Healthy,55262,,00910_CT.mha,normalized,supporting_spreadsheet,https://www.cancerimagingarchive.net/wp-content/uploads/Pedi-Cranial-CT-Healthy_metadata_report_v7_comprehensive-Final_v01_20260714.tsv,pedi_image_metadata.tsv,97,file_title_exact_match,high,100,"{""columns"":512,""contrast_used"":""None"",""dimensions_xyz"":[512,526,64],""direction_cosines"":[1.0,0.0,0.0,0.0,1.0,0.0,0.0,0.0,1.0],""intensity_max"":3070.0,""intensity_mean"":-1081.02,""intensity_median"":-983.0,""intensity_min"":-3024.0,""intensity_q1_25th"":-1009.0,""intensity_q3_75th"":-1.0,""intensity_std_dev"":1108.01,""modality"":""CT"",""number_of_slices"":64,""origin_mm"":[-125.0,-133.53242248746298,10.904999732971175],""pixel_spacing_mm"":[0.488281,0.488281,2.501999855041504],""pixel_type"":""16-bit signed integer"",""rescale_intercept"":0.0,""rescale_slope"":1.0,""rows"":526}"
Collection,Pedi-Cranial-CT-Healthy,55262,,00914_CT.mha,normalized,supporting_spreadsheet,https://www.cancerimagingarchive.net/wp-content/uploads/Pedi-Cranial-CT-Healthy_metadata_report_v7_comprehensive-Final_v01_20260714.tsv,pedi_image_metadata.tsv,98,file_title_exact_match,high,100,"{""columns"":512,""contrast_used"":""None"",""dimensions_xyz"":[512,574,224],""direction_cosines"":[1.0,0.0,0.0,0.0,1.0,0.0,0.0,0.0,1.0],""intensity_max"":2140.0,""intensity_mean"":-948.8,""intensity_median"":-958.0,""intensity_min"":-3024.0,""intensity_q1_25th"":-998.0,""intensity_q3_75th"":0.0,""intensity_std_dev"":1135.25,""modality"":""CT"",""number_of_slices"":224,""origin_mm"":[-109.0,-140.4347875206052,64.03700256347655],""pixel_spacing_mm"":[0.425781,0.425781,0.6339950561523438],""pixel_type"":""16-bit signed integer"",""rescale_intercept"":0.0,""rescale_slope"":1.0,""rows"":574}"
Collection,Pedi-Cranial-CT-Healthy,55262,,00924_CT.mha,normalized,supporting_spreadsheet,https://www.cancerimagingarchive.net/wp-content/uploads/Pedi-Cranial-CT-Healthy_metadata_report_v7_comprehensive-Final_v01_20260714.tsv,pedi_image_metadata.tsv,99,file_title_exact_match,high,100,"{""columns"":512,""contrast_used"":""None"",""dimensions_xyz"":[512,512,224],""direction_cosines"":[1.0,0.0,0.0,0.0,1.0,0.0,0.0,0.0,1.0],""intensity_max"":2173.0,""intensity_mean"":-1052.72,""intensity_median"":-959.0,""intensity_min"":-3024.0,""intensity_q1_25th"":-1002.0,""intensity_q3_75th"":13.0,""intensity_std_dev"":1130.06,""modality"":""CT"",""number_of_slices"":224,""origin_mm"":[-107.0,-92.5,52.3129997253418],""pixel_spacing_mm"":[0.417969,0.417969,0.625],""pixel_type"":""16-bit signed integer"",""rescale_intercept"":0.0,""rescale_slope"":1.0,""rows"":512}"
Collection,Pedi-Cranial-CT-Healthy,55262,,00930_CT.mha,normalized,supporting_spreadsheet,https://www.cancerimagingarchive.net/wp-content/uploads/Pedi-Cranial-CT-Healthy_metadata_report_v7_comprehensive-Final_v01_20260714.tsv,pedi_image_metadata.tsv,100,file_title_exact_match,high,100,"{""columns"":512,""contrast_used"":""None"",""dimensions_xyz"":[512,538,224],""direction_cosines"":[1.0,0.0,0.0,0.0,1.0,0.0,0.0,0.0,1.0],""intensity_max"":2085.0,""intensity_mean"":-1003.77,""intensity_median"":-960.0,""intensity_min"":-3024.0,""intensity_q1_25th"":-999.0,""intensity_q3_75th"":15.0,""intensity_std_dev"":1131.24,""modality"":""CT"",""number_of_slices"":224,""origin_mm"":[-99.0,-81.86105589515711,63.039001464843736],""pixel_spacing_mm"":[0.386719,0.386719,0.6269989013671875],""pixel_type"":""16-bit signed integer"",""rescale_intercept"":0.0,""rescale_slope"":1.0,""rows"":538}"
Collection,Pedi-Cranial-CT-Healthy,55262,,00935_CT.mha,normalized,supporting_spreadsheet,https://www.cancerimagingarchive.net/wp-content/uploads/Pedi-Cranial-CT-Healthy_metadata_report_v7_comprehensive-Final_v01_20260714.tsv,pedi_image_metadata.tsv,101,file_title_exact_match,high,100,"{""columns"":512,""contrast_used"":""None"",""dimensions_xyz"":[512,531,224],""direction_cosines"":[1.0,0.0,0.0,0.0,1.0,0.0,0.0,0.0,1.0],""intensity_max"":2165.0,""intensity_mean"":-944.37,""intensity_median"":-929.0,""intensity_min"":-3024.0,""intensity_q1_25th"":-998.0,""intensity_q3_75th"":24.0,""intensity_std_dev"":1179.36,""modality"":""CT"",""number_of_slices"":224,""origin_mm"":[-98.50000000000003,-122.06895428788079,63.63999938964844],""pixel_spacing_mm"":[0.384766,0.384766,0.6259994506835938],""pixel_type"":""16-bit signed integer"",""rescale_intercept"":0.0,""rescale_slope"":1.0,""rows"":531}"
Collection,Breast-Lesions-USG,41273,1,case001.png,normalized,supporting_spreadsheet,https://www.cancerimagingarchive.net/wp-content/uploads/BrEaST-Lesions-USG-clinical-data-Dec-15-2023.xlsx,breast_clinical.xlsx,2,image_filename_exact_match,high,100,"{""modality"":""US"",""pixel_spacing_mm"":[0.078125,0.078125],""pixel_spacing_source_unit"":""cm""}"
Collection,Breast-Lesions-USG,41273,1,case001_tumor.png,inferred,supporting_spreadsheet,https://www.cancerimagingarchive.net/wp-content/uploads/BrEaST-Lesions-USG-clinical-data-Dec-15-2023.xlsx,breast_clinical.xlsx,2,paired_mask_inherits_source_image_spacing,medium,70,"{""modality"":""US"",""pixel_spacing_mm"":[0.078125,0.078125],""pixel_spacing_source_unit"":""cm""}"
Collection,Breast-Lesions-USG,41273,2,case002.png,normalized,supporting_spreadsheet,https://www.cancerimagingarchive.net/wp-content/uploads/BrEaST-Lesions-USG-clinical-data-Dec-15-2023.xlsx,breast_clinical.xlsx,3,image_filename_exact_match,high,100,"{""modality"":""US"",""pixel_spacing_mm"":[0.06462036,0.06462036],""pixel_spacing_source_unit"":""cm""}"
Collection,Breast-Lesions-USG,41273,2,case002_tumor.png,inferred,supporting_spreadsheet,https://www.cancerimagingarchive.net/wp-content/uploads/BrEaST-Lesions-USG-clinical-data-Dec-15-2023.xlsx,breast_clinical.xlsx,3,paired_mask_inherits_source_image_spacing,medium,70,"{""modality"":""US"",""pixel_spacing_mm"":[0.06462036,0.06462036],""pixel_spacing_source_unit"":""cm""}"
Collection,Breast-Lesions-USG,41273,3,case003.png,normalized,supporting_spreadsheet,https://www.cancerimagingarchive.net/wp-content/uploads/BrEaST-Lesions-USG-clinical-data-Dec-15-2023.xlsx,breast_clinical.xlsx,4,image_filename_exact_match,high,100,"{""modality"":""US"",""pixel_spacing_mm"":[0.06944444,0.06944444],""pixel_spacing_source_unit"":""cm""}"
Collection,Breast-Lesions-USG,41273,3,case003_tumor.png,inferred,supporting_spreadsheet,https://www.cancerimagingarchive.net/wp-content/uploads/BrEaST-Lesions-USG-clinical-data-Dec-15-2023.xlsx,breast_clinical.xlsx,4,paired_mask_inherits_source_image_spacing,medium,70,"{""modality"":""US"",""pixel_spacing_mm"":[0.06944444,0.06944444],""pixel_spacing_source_unit"":""cm""}"
Collection,Breast-Lesions-USG,41273,4,case004.png,normalized,supporting_spreadsheet,https://www.cancerimagingarchive.net/wp-content/uploads/BrEaST-Lesions-USG-clinical-data-Dec-15-2023.xlsx,breast_clinical.xlsx,5,image_filename_exact_match,high,100,"{""modality"":""US"",""pixel_spacing_mm"":[0.078125,0.078125],""pixel_spacing_source_unit"":""cm""}"
Collection,Breast-Lesions-USG,41273,4,case004_tumor.png,inferred,supporting_spreadsheet,https://www.cancerimagingarchive.net/wp-content/uploads/BrEaST-Lesions-USG-clinical-data-Dec-15-2023.xlsx,breast_clinical.xlsx,5,paired_mask_inherits_source_image_spacing,medium,70,"{""modality"":""US"",""pixel_spacing_mm"":[0.078125,0.078125],""pixel_spacing_source_unit"":""cm""}"
Collection,Breast-Lesions-USG,41273,5,case005.png,normalized,supporting_spreadsheet,https://www.cancerimagingarchive.net/wp-content/uploads/BrEaST-Lesions-USG-clinical-data-Dec-15-2023.xlsx,breast_clinical.xlsx,6,image_filename_exact_match,high,100,"{""modality"":""US"",""pixel_spacing_mm"":[0.078125,0.078125],""pixel_spacing_source_unit"":""cm""}"
Collection,Breast-Lesions-USG,41273,5,case005_tumor.png,inferred,supporting_spreadsheet,https://www.cancerimagingarchive.net/wp-content/uploads/BrEaST-Lesions-USG-clinical-data-Dec-15-2023.xlsx,breast_clinical.xlsx,6,paired_mask_inherits_source_image_spacing,medium,70,"{""modality"":""US"",""pixel_spacing_mm"":[0.078125,0.078125],""pixel_spacing_source_unit"":""cm""}"
Collection,Breast-Lesions-USG,41273,6,case006.png,normalized,supporting_spreadsheet,https://www.cancerimagingarchive.net/wp-content/uploads/BrEaST-Lesions-USG-clinical-data-Dec-15-2023.xlsx,breast_clinical.xlsx,7,image_filename_exact_match,high,100,"{""modality"":""US"",""pixel_spacing_mm"":[0.078125,0.078125],""pixel_spacing_source_unit"":""cm""}"
Collection,Breast-Lesions-USG,41273,6,case006_tumor.png,inferred,supporting_spreadsheet,https://www.cancerimagingarchive.net/wp-content/uploads/BrEaST-Lesions-USG-clinical-data-Dec-15-2023.xlsx,breast_clinical.xlsx,7,paired_mask_inherits_source_image_spacing,medium,70,"{""modality"":""US"",""pixel_spacing_mm"":[0.078125,0.078125],""pixel_spacing_source_unit"":""cm""}"
Collection,Breast-Lesions-USG,41273,7,case007.png,normalized,supporting_spreadsheet,https://www.cancerimagingarchive.net/wp-content/uploads/BrEaST-Lesions-USG-clinical-data-Dec-15-2023.xlsx,breast_clinical.xlsx,8,image_filename_exact_match,high,100,"{""modality"":""US"",""pixel_spacing_mm"":[0.078125,0.078125],""pixel_spacing_source_unit"":""cm""}"
Collection,Breast-Lesions-USG,41273,7,case007_tumor.png,inferred,supporting_spreadsheet,https://www.cancerimagingarchive.net/wp-content/uploads/BrEaST-Lesions-USG-clinical-data-Dec-15-2023.xlsx,breast_clinical.xlsx,8,paired_mask_inherits_source_image_spacing,medium,70,"{""modality"":""US"",""pixel_spacing_mm"":[0.078125,0.078125],""pixel_spacing_source_unit"":""cm""}"
Collection,Breast-Lesions-USG,41273,8,case008.png,normalized,supporting_spreadsheet,https://www.cancerimagingarchive.net/wp-content/uploads/BrEaST-Lesions-USG-clinical-data-Dec-15-2023.xlsx,breast_clinical.xlsx,9,image_filename_exact_match,high,100,"{""modality"":""US"",""pixel_spacing_mm"":[0.05902192,0.05902192],""pixel_spacing_source_unit"":""cm""}"
Collection,Breast-Lesions-USG,41273,8,case008_tumor.png,inferred,supporting_spreadsheet,https://www.cancerimagingarchive.net/wp-content/uploads/BrEaST-Lesions-USG-clinical-data-Dec-15-2023.xlsx,breast_clinical.xlsx,9,paired_mask_inherits_source_image_spacing,medium,70,"{""modality"":""US"",""pixel_spacing_mm"":[0.05902192,0.05902192],""pixel_spacing_source_unit"":""cm""}"
Collection,Breast-Lesions-USG,41273,9,case009.png,normalized,supporting_spreadsheet,https://www.cancerimagingarchive.net/wp-content/uploads/BrEaST-Lesions-USG-clinical-data-Dec-15-2023.xlsx,breast_clinical.xlsx,10,image_filename_exact_match,high,100,"{""modality"":""US"",""pixel_spacing_mm"":[0.1035503,0.1035503],""pixel_spacing_source_unit"":""cm""}"
Collection,Breast-Lesions-USG,41273,9,case009_tumor.png,inferred,supporting_spreadsheet,https://www.cancerimagingarchive.net/wp-content/uploads/BrEaST-Lesions-USG-clinical-data-Dec-15-2023.xlsx,breast_clinical.xlsx,10,paired_mask_inherits_source_image_spacing,medium,70,"{""modality"":""US"",""pixel_spacing_mm"":[0.1035503,0.1035503],""pixel_spacing_source_unit"":""cm""}"
Collection,Breast-Lesions-USG,41273,10,case010.png,normalized,supporting_spreadsheet,https://www.cancerimagingarchive.net/wp-content/uploads/BrEaST-Lesions-USG-clinical-data-Dec-15-2023.xlsx,breast_clinical.xlsx,11,image_filename_exact_match,high,100,"{""modality"":""US"",""pixel_spacing_mm"":[0.10779999999999999,0.10779999999999999],""pixel_spacing_source_unit"":""cm""}"
Collection,Breast-Lesions-USG,41273,10,case010_tumor.png,inferred,supporting_spreadsheet,https://www.cancerimagingarchive.net/wp-content/uploads/BrEaST-Lesions-USG-clinical-data-Dec-15-2023.xlsx,breast_clinical.xlsx,11,paired_mask_inherits_source_image_spacing,medium,70,"{""modality"":""US"",""pixel_spacing_mm"":[0.10779999999999999,0.10779999999999999],""pixel_spacing_source_unit"":""cm""}"
Collection,Breast-Lesions-USG,41273,11,case011.png,normalized,supporting_spreadsheet,https://www.cancerimagingarchive.net/wp-content/uploads/BrEaST-Lesions-USG-clinical-data-Dec-15-2023.xlsx,breast_clinical.xlsx,12,image_filename_exact_match,high,100,"{""modality"":""US"",""pixel_spacing_mm"":[0.08680556,0.08680556],""pixel_spacing_source_unit"":""cm""}"
Collection,Breast-Lesions-USG,41273,11,case011_tumor.png,inferred,supporting_spreadsheet,https://www.cancerimagingarchive.net/wp-content/uploads/BrEaST-Lesions-USG-clinical-data-Dec-15-2023.xlsx,breast_clinical.xlsx,12,paired_mask_inherits_source_image_spacing,medium,70,"{""modality"":""US"",""pixel_spacing_mm"":[0.08680556,0.08680556],""pixel_spacing_source_unit"":""cm""}"
Collection,Breast-Lesions-USG,41273,12,case012.png,normalized,supporting_spreadsheet,https://www.cancerimagingarchive.net/wp-content/uploads/BrEaST-Lesions-USG-clinical-data-Dec-15-2023.xlsx,breast_clinical.xlsx,13,image_filename_exact_match,high,100,"{""modality"":""US"",""pixel_spacing_mm"":[0.10779999999999999,0.10779999999999999],""pixel_spacing_source_unit"":""cm""}"
Collection,Breast-Lesions-USG,41273,12,case012_tumor.png,inferred,supporting_spreadsheet,https://www.cancerimagingarchive.net/wp-content/uploads/BrEaST-Lesions-USG-clinical-data-Dec-15-2023.xlsx,breast_clinical.xlsx,13,paired_mask_inherits_source_image_spacing,medium,70,"{""modality"":""US"",""pixel_spacing_mm"":[0.10779999999999999,0.10779999999999999],""pixel_spacing_source_unit"":""cm""}"
Collection,Breast-Lesions-USG,41273,13,case013.png,normalized,supporting_spreadsheet,https://www.cancerimagingarchive.net/wp-content/uploads/BrEaST-Lesions-USG-clinical-data-Dec-15-2023.xlsx,breast_clinical.xlsx,14,image_filename_exact_match,high,100,"{""modality"":""US"",""pixel_spacing_mm"":[0.078125,0.078125],""pixel_spacing_source_unit"":""cm""}"
Collection,Breast-Lesions-USG,41273,13,case013_tumor.png,inferred,supporting_spreadsheet,https://www.cancerimagingarchive.net/wp-content/uploads/BrEaST-Lesions-USG-clinical-data-Dec-15-2023.xlsx,breast_clinical.xlsx,14,paired_mask_inherits_source_image_spacing,medium,70,"{""modality"":""US"",""pixel_spacing_mm"":[0.078125,0.078125],""pixel_spacing_source_unit"":""cm""}"
Collection,Breast-Lesions-USG,41273,14,case014.png,normalized,supporting_spreadsheet,https://www.cancerimagingarchive.net/wp-content/uploads/BrEaST-Lesions-USG-clinical-data-Dec-15-2023.xlsx,breast_clinical.xlsx,15,image_filename_exact_match,high,100,"{""modality"":""US"",""pixel_spacing_mm"":[0.06944444,0.06944444],""pixel_spacing_source_unit"":""cm""}"
Collection,Breast-Lesions-USG,41273,14,case014_tumor.png,inferred,supporting_spreadsheet,https://www.cancerimagingarchive.net/wp-content/uploads/BrEaST-Lesions-USG-clinical-data-Dec-15-2023.xlsx,breast_clinical.xlsx,15,paired_mask_inherits_source_image_spacing,medium,70,"{""modality"":""US"",""pixel_spacing_mm"":[0.06944444,0.06944444],""pixel_spacing_source_unit"":""cm""}"
Collection,Breast-Lesions-USG,41273,15,case015.png,normalized,supporting_spreadsheet,https://www.cancerimagingarchive.net/wp-content/uploads/BrEaST-Lesions-USG-clinical-data-Dec-15-2023.xlsx,breast_clinical.xlsx,16,image_filename_exact_match,high,100,"{""modality"":""US"",""pixel_spacing_mm"":[0.08680556,0.08680556],""pixel_spacing_source_unit"":""cm""}"
Collection,Breast-Lesions-USG,41273,15,case015_tumor.png,inferred,supporting_spreadsheet,https://www.cancerimagingarchive.net/wp-content/uploads/BrEaST-Lesions-USG-clinical-data-Dec-15-2023.xlsx,breast_clinical.xlsx,16,paired_mask_inherits_source_image_spacing,medium,70,"{""modality"":""US"",""pixel_spacing_mm"":[0.08680556,0.08680556],""pixel_spacing_source_unit"":""cm""}"
Collection,Breast-Lesions-USG,41273,16,case016.png,normalized,supporting_spreadsheet,https://www.cancerimagingarchive.net/wp-content/uploads/BrEaST-Lesions-USG-clinical-data-Dec-15-2023.xlsx,breast_clinical.xlsx,17,image_filename_exact_match,high,100,"{""modality"":""US"",""pixel_spacing_mm"":[0.06076389,0.06076389],""pixel_spacing_source_unit"":""cm""}"
Collection,Breast-Lesions-USG,41273,16,case016_tumor.png,inferred,supporting_spreadsheet,https://www.cancerimagingarchive.net/wp-content/uploads/BrEaST-Lesions-USG-clinical-data-Dec-15-2023.xlsx,breast_clinical.xlsx,17,paired_mask_inherits_source_image_spacing,medium,70,"{""modality"":""US"",""pixel_spacing_mm"":[0.06076389,0.06076389],""pixel_spacing_source_unit"":""cm""}"
Collection,Breast-Lesions-USG,41273,17,case017.png,normalized,supporting_spreadsheet,https://www.cancerimagingarchive.net/wp-content/uploads/BrEaST-Lesions-USG-clinical-data-Dec-15-2023.xlsx,breast_clinical.xlsx,18,image_filename_exact_match,high,100,"{""modality"":""US"",""pixel_spacing_mm"":[0.05181347,0.05181347],""pixel_spacing_source_unit"":""cm""}"
Collection,Breast-Lesions-USG,41273,17,case017_tumor.png,inferred,supporting_spreadsheet,https://www.cancerimagingarchive.net/wp-content/uploads/BrEaST-Lesions-USG-clinical-data-Dec-15-2023.xlsx,breast_clinical.xlsx,18,paired_mask_inherits_source_image_spacing,medium,70,"{""modality"":""US"",""pixel_spacing_mm"":[0.05181347,0.05181347],""pixel_spacing_source_unit"":""cm""}"
Collection,Breast-Lesions-USG,41273,18,case018.png,normalized,supporting_spreadsheet,https://www.cancerimagingarchive.net/wp-content/uploads/BrEaST-Lesions-USG-clinical-data-Dec-15-2023.xlsx,breast_clinical.xlsx,19,image_filename_exact_match,high,100,"{""modality"":""US"",""pixel_spacing_mm"":[0.078125,0.078125],""pixel_spacing_source_unit"":""cm""}"
Collection,Breast-Lesions-USG,41273,18,case018_tumor.png,inferred,supporting_spreadsheet,https://www.cancerimagingarchive.net/wp-content/uploads/BrEaST-Lesions-USG-clinical-data-Dec-15-2023.xlsx,breast_clinical.xlsx,19,paired_mask_inherits_source_image_spacing,medium,70,"{""modality"":""US"",""pixel_spacing_mm"":[0.078125,0.078125],""pixel_spacing_source_unit"":""cm""}"
Collection,Breast-Lesions-USG,41273,19,case019.png,normalized,supporting_spreadsheet,https://www.cancerimagingarchive.net/wp-content/uploads/BrEaST-Lesions-USG-clinical-data-Dec-15-2023.xlsx,breast_clinical.xlsx,20,image_filename_exact_match,high,100,"{""modality"":""US"",""pixel_spacing_mm"":[0.06462036,0.06462036],""pixel_spacing_source_unit"":""cm""}"
Collection,Breast-Lesions-USG,41273,19,case019_tumor.png,inferred,supporting_spreadsheet,https://www.cancerimagingarchive.net/wp-content/uploads/BrEaST-Lesions-USG-clinical-data-Dec-15-2023.xlsx,breast_clinical.xlsx,20,paired_mask_inherits_source_image_spacing,medium,70,"{""modality"":""US"",""pixel_spacing_mm"":[0.06462036,0.06462036],""pixel_spacing_source_unit"":""cm""}"
Collection,Breast-Lesions-USG,41273,20,case020.png,normalized,supporting_spreadsheet,https://www.cancerimagingarchive.net/wp-content/uploads/BrEaST-Lesions-USG-clinical-data-Dec-15-2023.xlsx,breast_clinical.xlsx,21,image_filename_exact_match,high,100,"{""modality"":""US"",""pixel_spacing_mm"":[0.06462036,0.06462036],""pixel_spacing_source_unit"":""cm""}"
Collection,Breast-Lesions-USG,41273,20,case020_tumor.png,inferred,supporting_spreadsheet,https://www.cancerimagingarchive.net/wp-content/uploads/BrEaST-Lesions-USG-clinical-data-Dec-15-2023.xlsx,breast_clinical.xlsx,21,paired_mask_inherits_source_image_spacing,medium,70,"{""modality"":""US"",""pixel_spacing_mm"":[0.06462036,0.06462036],""pixel_spacing_source_unit"":""cm""}"
Collection,Breast-Lesions-USG,41273,21,case021.png,normalized,supporting_spreadsheet,https://www.cancerimagingarchive.net/wp-content/uploads/BrEaST-Lesions-USG-clinical-data-Dec-15-2023.xlsx,breast_clinical.xlsx,22,image_filename_exact_match,high,100,"{""modality"":""US"",""pixel_spacing_mm"":[0.078125,0.078125],""pixel_spacing_source_unit"":""cm""}"
Collection,Breast-Lesions-USG,41273,21,case021_tumor.png,inferred,supporting_spreadsheet,https://www.cancerimagingarchive.net/wp-content/uploads/BrEaST-Lesions-USG-clinical-data-Dec-15-2023.xlsx,breast_clinical.xlsx,22,paired_mask_inherits_source_image_spacing,medium,70,"{""modality"":""US"",""pixel_spacing_mm"":[0.078125,0.078125],""pixel_spacing_source_unit"":""cm""}"
Collection,Breast-Lesions-USG,41273,22,case022.png,normalized,supporting_spreadsheet,https://www.cancerimagingarchive.net/wp-content/uploads/BrEaST-Lesions-USG-clinical-data-Dec-15-2023.xlsx,breast_clinical.xlsx,23,image_filename_exact_match,high,100,"{""modality"":""US"",""pixel_spacing_mm"":[0.078125,0.078125],""pixel_spacing_source_unit"":""cm""}"
Collection,Breast-Lesions-USG,41273,22,case022_tumor.png,inferred,supporting_spreadsheet,https://www.cancerimagingarchive.net/wp-content/uploads/BrEaST-Lesions-USG-clinical-data-Dec-15-2023.xlsx,breast_clinical.xlsx,23,paired_mask_inherits_source_image_spacing,medium,70,"{""modality"":""US"",""pixel_spacing_mm"":[0.078125,0.078125],""pixel_spacing_source_unit"":""cm""}"
Collection,Breast-Lesions-USG,41273,22,case022_other1.png,inferred,supporting_spreadsheet,https://www.cancerimagingarchive.net/wp-content/uploads/BrEaST-Lesions-USG-clinical-data-Dec-15-2023.xlsx,breast_clinical.xlsx,23,paired_mask_inherits_source_image_spacing,medium,70,"{""modality"":""US"",""pixel_spacing_mm"":[0.078125,0.078125],""pixel_spacing_source_unit"":""cm""}"
Collection,Breast-Lesions-USG,41273,22,case022_other2.png,inferred,supporting_spreadsheet,https://www.cancerimagingarchive.net/wp-content/uploads/BrEaST-Lesions-USG-clinical-data-Dec-15-2023.xlsx,breast_clinical.xlsx,23,paired_mask_inherits_source_image_spacing,medium,70,"{""modality"":""US"",""pixel_spacing_mm"":[0.078125,0.078125],""pixel_spacing_source_unit"":""cm""}"
Collection,Breast-Lesions-USG,41273,23,case023.png,normalized,supporting_spreadsheet,https://www.cancerimagingarchive.net/wp-content/uploads/BrEaST-Lesions-USG-clinical-data-Dec-15-2023.xlsx,breast_clinical.xlsx,24,image_filename_exact_match,high,100,"{""modality"":""US"",""pixel_spacing_mm"":[0.06944444,0.06944444],""pixel_spacing_source_unit"":""cm""}"
Collection,Breast-Lesions-USG,41273,23,case023_tumor.png,inferred,supporting_spreadsheet,https://www.cancerimagingarchive.net/wp-content/uploads/BrEaST-Lesions-USG-clinical-data-Dec-15-2023.xlsx,breast_clinical.xlsx,24,paired_mask_inherits_source_image_spacing,medium,70,"{""modality"":""US"",""pixel_spacing_mm"":[0.06944444,0.06944444],""pixel_spacing_source_unit"":""cm""}"
Collection,Breast-Lesions-USG,41273,24,case024.png,normalized,supporting_spreadsheet,https://www.cancerimagingarchive.net/wp-content/uploads/BrEaST-Lesions-USG-clinical-data-Dec-15-2023.xlsx,breast_clinical.xlsx,25,image_filename_exact_match,high,100,"{""modality"":""US"",""pixel_spacing_mm"":[0.10779999999999999,0.10779999999999999],""pixel_spacing_source_unit"":""cm""}"
Collection,Breast-Lesions-USG,41273,24,case024_tumor.png,inferred,supporting_spreadsheet,https://www.cancerimagingarchive.net/wp-content/uploads/BrEaST-Lesions-USG-clinical-data-Dec-15-2023.xlsx,breast_clinical.xlsx,25,paired_mask_inherits_source_image_spacing,medium,70,"{""modality"":""US"",""pixel_spacing_mm"":[0.10779999999999999,0.10779999999999999],""pixel_spacing_source_unit"":""cm""}"
Collection,Breast-Lesions-USG,41273,25,case025.png,normalized,supporting_spreadsheet,https://www.cancerimagingarchive.net/wp-content/uploads/BrEaST-Lesions-USG-clinical-data-Dec-15-2023.xlsx,breast_clinical.xlsx,26,image_filename_exact_match,high,100,"{""modality"":""US"",""pixel_spacing_mm"":[0.06462036,0.06462036],""pixel_spacing_source_unit"":""cm""}"
Collection,Breast-Lesions-USG,41273,25,case025_tumor.png,inferred,supporting_spreadsheet,https://www.cancerimagingarchive.net/wp-content/uploads/BrEaST-Lesions-USG-clinical-data-Dec-15-2023.xlsx,breast_clinical.xlsx,26,paired_mask_inherits_source_image_spacing,medium,70,"{""modality"":""US"",""pixel_spacing_mm"":[0.06462036,0.06462036],""pixel_spacing_source_unit"":""cm""}"
Collection,Breast-Lesions-USG,41273,26,case026.png,normalized,supporting_spreadsheet,https://www.cancerimagingarchive.net/wp-content/uploads/BrEaST-Lesions-USG-clinical-data-Dec-15-2023.xlsx,breast_clinical.xlsx,27,image_filename_exact_match,high,100,"{""modality"":""US"",""pixel_spacing_mm"":[0.05208333,0.05208333],""pixel_spacing_source_unit"":""cm""}"
Collection,Breast-Lesions-USG,41273,26,case026_tumor.png,inferred,supporting_spreadsheet,https://www.cancerimagingarchive.net/wp-content/uploads/BrEaST-Lesions-USG-clinical-data-Dec-15-2023.xlsx,breast_clinical.xlsx,27,paired_mask_inherits_source_image_spacing,medium,70,"{""modality"":""US"",""pixel_spacing_mm"":[0.05208333,0.05208333],""pixel_spacing_source_unit"":""cm""}"
Collection,Breast-Lesions-USG,41273,27,case027.png,normalized,supporting_spreadsheet,https://www.cancerimagingarchive.net/wp-content/uploads/BrEaST-Lesions-USG-clinical-data-Dec-15-2023.xlsx,breast_clinical.xlsx,28,image_filename_exact_match,high,100,"{""modality"":""US"",""pixel_spacing_mm"":[0.10779999999999999,0.10779999999999999],""pixel_spacing_source_unit"":""cm""}"
Collection,Breast-Lesions-USG,41273,27,case027_tumor.png,inferred,supporting_spreadsheet,https://www.cancerimagingarchive.net/wp-content/uploads/BrEaST-Lesions-USG-clinical-data-Dec-15-2023.xlsx,breast_clinical.xlsx,28,paired_mask_inherits_source_image_spacing,medium,70,"{""modality"":""US"",""pixel_spacing_mm"":[0.10779999999999999,0.10779999999999999],""pixel_spacing_source_unit"":""cm""}"
Collection,Breast-Lesions-USG,41273,28,case028.png,normalized,supporting_spreadsheet,https://www.cancerimagingarchive.net/wp-content/uploads/BrEaST-Lesions-USG-clinical-data-Dec-15-2023.xlsx,breast_clinical.xlsx,29,image_filename_exact_match,high,100,"{""modality"":""US"",""pixel_spacing_mm"":[0.078125,0.078125],""pixel_spacing_source_unit"":""cm""}"
Collection,Breast-Lesions-USG,41273,28,case028_tumor.png,inferred,supporting_spreadsheet,https://www.cancerimagingarchive.net/wp-content/uploads/BrEaST-Lesions-USG-clinical-data-Dec-15-2023.xlsx,breast_clinical.xlsx,29,paired_mask_inherits_source_image_spacing,medium,70,"{""modality"":""US"",""pixel_spacing_mm"":[0.078125,0.078125],""pixel_spacing_source_unit"":""cm""}"
Collection,Breast-Lesions-USG,41273,29,case029.png,normalized,supporting_spreadsheet,https://www.cancerimagingarchive.net/wp-content/uploads/BrEaST-Lesions-USG-clinical-data-Dec-15-2023.xlsx,breast_clinical.xlsx,30,image_filename_exact_match,high,100,"{""modality"":""US"",""pixel_spacing_mm"":[0.05175983000000001,0.05175983000000001],""pixel_spacing_source_unit"":""cm""}"
Collection,Breast-Lesions-USG,41273,29,case029_tumor.png,inferred,supporting_spreadsheet,https://www.cancerimagingarchive.net/wp-content/uploads/BrEaST-Lesions-USG-clinical-data-Dec-15-2023.xlsx,breast_clinical.xlsx,30,paired_mask_inherits_source_image_spacing,medium,70,"{""modality"":""US"",""pixel_spacing_mm"":[0.05175983000000001,0.05175983000000001],""pixel_spacing_source_unit"":""cm""}"
Collection,Breast-Lesions-USG,41273,30,case030.png,normalized,supporting_spreadsheet,https://www.cancerimagingarchive.net/wp-content/uploads/BrEaST-Lesions-USG-clinical-data-Dec-15-2023.xlsx,breast_clinical.xlsx,31,image_filename_exact_match,high,100,"{""modality"":""US"",""pixel_spacing_mm"":[0.06076389,0.06076389],""pixel_spacing_source_unit"":""cm""}"
Collection,Breast-Lesions-USG,41273,30,case030_tumor.png,inferred,supporting_spreadsheet,https://www.cancerimagingarchive.net/wp-content/uploads/BrEaST-Lesions-USG-clinical-data-Dec-15-2023.xlsx,breast_clinical.xlsx,31,paired_mask_inherits_source_image_spacing,medium,70,"{""modality"":""US"",""pixel_spacing_mm"":[0.06076389,0.06076389],""pixel_spacing_source_unit"":""cm""}"
Collection,Breast-Lesions-USG,41273,31,case031.png,normalized,supporting_spreadsheet,https://www.cancerimagingarchive.net/wp-content/uploads/BrEaST-Lesions-USG-clinical-data-Dec-15-2023.xlsx,breast_clinical.xlsx,32,image_filename_exact_match,high,100,"{""modality"":""US"",""pixel_spacing_mm"":[0.078125,0.078125],""pixel_spacing_source_unit"":""cm""}"
Collection,Breast-Lesions-USG,41273,31,case031_tumor.png,inferred,supporting_spreadsheet,https://www.cancerimagingarchive.net/wp-content/uploads/BrEaST-Lesions-USG-clinical-data-Dec-15-2023.xlsx,breast_clinical.xlsx,32,paired_mask_inherits_source_image_spacing,medium,70,"{""modality"":""US"",""pixel_spacing_mm"":[0.078125,0.078125],""pixel_spacing_source_unit"":""cm""}"
Collection,Breast-Lesions-USG,41273,32,case032.png,normalized,supporting_spreadsheet,https://www.cancerimagingarchive.net/wp-content/uploads/BrEaST-Lesions-USG-clinical-data-Dec-15-2023.xlsx,breast_clinical.xlsx,33,image_filename_exact_match,high,100,"{""modality"":""US"",""pixel_spacing_mm"":[0.078125,0.078125],""pixel_spacing_source_unit"":""cm""}"
Collection,Breast-Lesions-USG,41273,32,case032_tumor.png,inferred,supporting_spreadsheet,https://www.cancerimagingarchive.net/wp-content/uploads/BrEaST-Lesions-USG-clinical-data-Dec-15-2023.xlsx,breast_clinical.xlsx,33,paired_mask_inherits_source_image_spacing,medium,70,"{""modality"":""US"",""pixel_spacing_mm"":[0.078125,0.078125],""pixel_spacing_source_unit"":""cm""}"
Collection,Breast-Lesions-USG,41273,33,case033.png,normalized,supporting_spreadsheet,https://www.cancerimagingarchive.net/wp-content/uploads/BrEaST-Lesions-USG-clinical-data-Dec-15-2023.xlsx,breast_clinical.xlsx,34,image_filename_exact_match,high,100,"{""modality"":""US"",""pixel_spacing_mm"":[0.05882353,0.05882353],""pixel_spacing_source_unit"":""cm""}"
Collection,Breast-Lesions-USG,41273,33,case033_tumor.png,inferred,supporting_spreadsheet,https://www.cancerimagingarchive.net/wp-content/uploads/BrEaST-Lesions-USG-clinical-data-Dec-15-2023.xlsx,breast_clinical.xlsx,34,paired_mask_inherits_source_image_spacing,medium,70,"{""modality"":""US"",""pixel_spacing_mm"":[0.05882353,0.05882353],""pixel_spacing_source_unit"":""cm""}"
Collection,Breast-Lesions-USG,41273,34,case034.png,normalized,supporting_spreadsheet,https://www.cancerimagingarchive.net/wp-content/uploads/BrEaST-Lesions-USG-clinical-data-Dec-15-2023.xlsx,breast_clinical.xlsx,35,image_filename_exact_match,high,100,"{""modality"":""US"",""pixel_spacing_mm"":[0.10779999999999999,0.10779999999999999],""pixel_spacing_source_unit"":""cm""}"
Collection,Breast-Lesions-USG,41273,34,case034_tumor.png,inferred,supporting_spreadsheet,https://www.cancerimagingarchive.net/wp-content/uploads/BrEaST-Lesions-USG-clinical-data-Dec-15-2023.xlsx,breast_clinical.xlsx,35,paired_mask_inherits_source_image_spacing,medium,70,"{""modality"":""US"",""pixel_spacing_mm"":[0.10779999999999999,0.10779999999999999],""pixel_spacing_source_unit"":""cm""}"
Collection,Breast-Lesions-USG,41273,35,case035.png,normalized,supporting_spreadsheet,https://www.cancerimagingarchive.net/wp-content/uploads/BrEaST-Lesions-USG-clinical-data-Dec-15-2023.xlsx,breast_clinical.xlsx,36,image_filename_exact_match,high,100,"{""modality"":""US"",""pixel_spacing_mm"":[0.06944444,0.06944444],""pixel_spacing_source_unit"":""cm""}"
Collection,Breast-Lesions-USG,41273,35,case035_tumor.png,inferred,supporting_spreadsheet,https://www.cancerimagingarchive.net/wp-content/uploads/BrEaST-Lesions-USG-clinical-data-Dec-15-2023.xlsx,breast_clinical.xlsx,36,paired_mask_inherits_source_image_spacing,medium,70,"{""modality"":""US"",""pixel_spacing_mm"":[0.06944444,0.06944444],""pixel_spacing_source_unit"":""cm""}"
Collection,Breast-Lesions-USG,41273,36,case036.png,normalized,supporting_spreadsheet,https://www.cancerimagingarchive.net/wp-content/uploads/BrEaST-Lesions-USG-clinical-data-Dec-15-2023.xlsx,breast_clinical.xlsx,37,image_filename_exact_match,high,100,"{""modality"":""US"",""pixel_spacing_mm"":[0.078125,0.078125],""pixel_spacing_source_unit"":""cm""}"
Collection,Breast-Lesions-USG,41273,36,case036_tumor.png,inferred,supporting_spreadsheet,https://www.cancerimagingarchive.net/wp-content/uploads/BrEaST-Lesions-USG-clinical-data-Dec-15-2023.xlsx,breast_clinical.xlsx,37,paired_mask_inherits_source_image_spacing,medium,70,"{""modality"":""US"",""pixel_spacing_mm"":[0.078125,0.078125],""pixel_spacing_source_unit"":""cm""}"
Collection,Breast-Lesions-USG,41273,36,case036_other1.png,inferred,supporting_spreadsheet,https://www.cancerimagingarchive.net/wp-content/uploads/BrEaST-Lesions-USG-clinical-data-Dec-15-2023.xlsx,breast_clinical.xlsx,37,paired_mask_inherits_source_image_spacing,medium,70,"{""modality"":""US"",""pixel_spacing_mm"":[0.078125,0.078125],""pixel_spacing_source_unit"":""cm""}"
Collection,Breast-Lesions-USG,41273,36,case036_other2.png,inferred,supporting_spreadsheet,https://www.cancerimagingarchive.net/wp-content/uploads/BrEaST-Lesions-USG-clinical-data-Dec-15-2023.xlsx,breast_clinical.xlsx,37,paired_mask_inherits_source_image_spacing,medium,70,"{""modality"":""US"",""pixel_spacing_mm"":[0.078125,0.078125],""pixel_spacing_source_unit"":""cm""}"
Collection,Breast-Lesions-USG,41273,37,case037.png,normalized,supporting_spreadsheet,https://www.cancerimagingarchive.net/wp-content/uploads/BrEaST-Lesions-USG-clinical-data-Dec-15-2023.xlsx,breast_clinical.xlsx,38,image_filename_exact_match,high,100,"{""modality"":""US"",""pixel_spacing_mm"":[0.059101650000000006,0.059101650000000006],""pixel_spacing_source_unit"":""cm""}"
Collection,Breast-Lesions-USG,41273,37,case037_tumor.png,inferred,supporting_spreadsheet,https://www.cancerimagingarchive.net/wp-content/uploads/BrEaST-Lesions-USG-clinical-data-Dec-15-2023.xlsx,breast_clinical.xlsx,38,paired_mask_inherits_source_image_spacing,medium,70,"{""modality"":""US"",""pixel_spacing_mm"":[0.059101650000000006,0.059101650000000006],""pixel_spacing_source_unit"":""cm""}"
Collection,Breast-Lesions-USG,41273,38,case038.png,normalized,supporting_spreadsheet,https://www.cancerimagingarchive.net/wp-content/uploads/BrEaST-Lesions-USG-clinical-data-Dec-15-2023.xlsx,breast_clinical.xlsx,39,image_filename_exact_match,high,100,"{""modality"":""US"",""pixel_spacing_mm"":[0.05181347,0.05181347],""pixel_spacing_source_unit"":""cm""}"
Collection,Breast-Lesions-USG,41273,38,case038_tumor.png,inferred,supporting_spreadsheet,https://www.cancerimagingarchive.net/wp-content/uploads/BrEaST-Lesions-USG-clinical-data-Dec-15-2023.xlsx,breast_clinical.xlsx,39,paired_mask_inherits_source_image_spacing,medium,70,"{""modality"":""US"",""pixel_spacing_mm"":[0.05181347,0.05181347],""pixel_spacing_source_unit"":""cm""}"
Collection,Breast-Lesions-USG,41273,38,case038_other1.png,inferred,supporting_spreadsheet,https://www.cancerimagingarchive.net/wp-content/uploads/BrEaST-Lesions-USG-clinical-data-Dec-15-2023.xlsx,breast_clinical.xlsx,39,paired_mask_inherits_source_image_spacing,medium,70,"{""modality"":""US"",""pixel_spacing_mm"":[0.05181347,0.05181347],""pixel_spacing_source_unit"":""cm""}"
Collection,Breast-Lesions-USG,41273,39,case039.png,normalized,supporting_spreadsheet,https://www.cancerimagingarchive.net/wp-content/uploads/BrEaST-Lesions-USG-clinical-data-Dec-15-2023.xlsx,breast_clinical.xlsx,40,image_filename_exact_match,high,100,"{""modality"":""US"",""pixel_spacing_mm"":[0.078125,0.078125],""pixel_spacing_source_unit"":""cm""}"
Collection,Breast-Lesions-USG,41273,39,case039_tumor.png,inferred,supporting_spreadsheet,https://www.cancerimagingarchive.net/wp-content/uploads/BrEaST-Lesions-USG-clinical-data-Dec-15-2023.xlsx,breast_clinical.xlsx,40,paired_mask_inherits_source_image_spacing,medium,70,"{""modality"":""US"",""pixel_spacing_mm"":[0.078125,0.078125],""pixel_spacing_source_unit"":""cm""}"
Collection,Breast-Lesions-USG,41273,40,case040.png,normalized,supporting_spreadsheet,https://www.cancerimagingarchive.net/wp-content/uploads/BrEaST-Lesions-USG-clinical-data-Dec-15-2023.xlsx,breast_clinical.xlsx,41,image_filename_exact_match,high,100,"{""modality"":""US"",""pixel_spacing_mm"":[0.05175983000000001,0.05175983000000001],""pixel_spacing_source_unit"":""cm""}"
Collection,Breast-Lesions-USG,41273,40,case040_tumor.png,inferred,supporting_spreadsheet,https://www.cancerimagingarchive.net/wp-content/uploads/BrEaST-Lesions-USG-clinical-data-Dec-15-2023.xlsx,breast_clinical.xlsx,41,paired_mask_inherits_source_image_spacing,medium,70,"{""modality"":""US"",""pixel_spacing_mm"":[0.05175983000000001,0.05175983000000001],""pixel_spacing_source_unit"":""cm""}"
Collection,Breast-Lesions-USG,41273,41,case041.png,normalized,supporting_spreadsheet,https://www.cancerimagingarchive.net/wp-content/uploads/BrEaST-Lesions-USG-clinical-data-Dec-15-2023.xlsx,breast_clinical.xlsx,42,image_filename_exact_match,high,100,"{""modality"":""US"",""pixel_spacing_mm"":[0.059101650000000006,0.059101650000000006],""pixel_spacing_source_unit"":""cm""}"
Collection,Breast-Lesions-USG,41273,41,case041_tumor.png,inferred,supporting_spreadsheet,https://www.cancerimagingarchive.net/wp-content/uploads/BrEaST-Lesions-USG-clinical-data-Dec-15-2023.xlsx,breast_clinical.xlsx,42,paired_mask_inherits_source_image_spacing,medium,70,"{""modality"":""US"",""pixel_spacing_mm"":[0.059101650000000006,0.059101650000000006],""pixel_spacing_source_unit"":""cm""}"
Collection,Breast-Lesions-USG,41273,42,case042.png,normalized,supporting_spreadsheet,https://www.cancerimagingarchive.net/wp-content/uploads/BrEaST-Lesions-USG-clinical-data-Dec-15-2023.xlsx,breast_clinical.xlsx,43,image_filename_exact_match,high,100,"{""modality"":""US"",""pixel_spacing_mm"":[0.06688963,0.06688963],""pixel_spacing_source_unit"":""cm""}"
Collection,Breast-Lesions-USG,41273,42,case042_tumor.png,inferred,supporting_spreadsheet,https://www.cancerimagingarchive.net/wp-content/uploads/BrEaST-Lesions-USG-clinical-data-Dec-15-2023.xlsx,breast_clinical.xlsx,43,paired_mask_inherits_source_image_spacing,medium,70,"{""modality"":""US"",""pixel_spacing_mm"":[0.06688963,0.06688963],""pixel_spacing_source_unit"":""cm""}"
Collection,Breast-Lesions-USG,41273,43,case043.png,normalized,supporting_spreadsheet,https://www.cancerimagingarchive.net/wp-content/uploads/BrEaST-Lesions-USG-clinical-data-Dec-15-2023.xlsx,breast_clinical.xlsx,44,image_filename_exact_match,high,100,"{""modality"":""US"",""pixel_spacing_mm"":[0.078125,0.078125],""pixel_spacing_source_unit"":""cm""}"
Collection,Breast-Lesions-USG,41273,43,case043_tumor.png,inferred,supporting_spreadsheet,https://www.cancerimagingarchive.net/wp-content/uploads/BrEaST-Lesions-USG-clinical-data-Dec-15-2023.xlsx,breast_clinical.xlsx,44,paired_mask_inherits_source_image_spacing,medium,70,"{""modality"":""US"",""pixel_spacing_mm"":[0.078125,0.078125],""pixel_spacing_source_unit"":""cm""}"
Collection,Breast-Lesions-USG,41273,44,case044.png,normalized,supporting_spreadsheet,https://www.cancerimagingarchive.net/wp-content/uploads/BrEaST-Lesions-USG-clinical-data-Dec-15-2023.xlsx,breast_clinical.xlsx,45,image_filename_exact_match,high,100,"{""modality"":""US"",""pixel_spacing_mm"":[0.05882353,0.05882353],""pixel_spacing_source_unit"":""cm""}"
Collection,Breast-Lesions-USG,41273,44,case044_tumor.png,inferred,supporting_spreadsheet,https://www.cancerimagingarchive.net/wp-content/uploads/BrEaST-Lesions-USG-clinical-data-Dec-15-2023.xlsx,breast_clinical.xlsx,45,paired_mask_inherits_source_image_spacing,medium,70,"{""modality"":""US"",""pixel_spacing_mm"":[0.05882353,0.05882353],""pixel_spacing_source_unit"":""cm""}"
Collection,Breast-Lesions-USG,41273,45,case045.png,normalized,supporting_spreadsheet,https://www.cancerimagingarchive.net/wp-content/uploads/BrEaST-Lesions-USG-clinical-data-Dec-15-2023.xlsx,breast_clinical.xlsx,46,image_filename_exact_match,high,100,"{""modality"":""US"",""pixel_spacing_mm"":[0.07525084,0.07525084],""pixel_spacing_source_unit"":""cm""}"
Collection,Breast-Lesions-USG,41273,46,case046.png,normalized,supporting_spreadsheet,https://www.cancerimagingarchive.net/wp-content/uploads/BrEaST-Lesions-USG-clinical-data-Dec-15-2023.xlsx,breast_clinical.xlsx,47,image_filename_exact_match,high,100,"{""modality"":""US"",""pixel_spacing_mm"":[0.09197324,0.09197324],""pixel_spacing_source_unit"":""cm""}"
Collection,Breast-Lesions-USG,41273,46,case046_tumor.png,inferred,supporting_spreadsheet,https://www.cancerimagingarchive.net/wp-content/uploads/BrEaST-Lesions-USG-clinical-data-Dec-15-2023.xlsx,breast_clinical.xlsx,47,paired_mask_inherits_source_image_spacing,medium,70,"{""modality"":""US"",""pixel_spacing_mm"":[0.09197324,0.09197324],""pixel_spacing_source_unit"":""cm""}"
Collection,Breast-Lesions-USG,41273,47,case047.png,normalized,supporting_spreadsheet,https://www.cancerimagingarchive.net/wp-content/uploads/BrEaST-Lesions-USG-clinical-data-Dec-15-2023.xlsx,breast_clinical.xlsx,48,image_filename_exact_match,high,100,"{""modality"":""US"",""pixel_spacing_mm"":[0.078125,0.078125],""pixel_spacing_source_unit"":""cm""}"
Collection,Breast-Lesions-USG,41273,47,case047_tumor.png,inferred,supporting_spreadsheet,https://www.cancerimagingarchive.net/wp-content/uploads/BrEaST-Lesions-USG-clinical-data-Dec-15-2023.xlsx,breast_clinical.xlsx,48,paired_mask_inherits_source_image_spacing,medium,70,"{""modality"":""US"",""pixel_spacing_mm"":[0.078125,0.078125],""pixel_spacing_source_unit"":""cm""}"
Collection,Breast-Lesions-USG,41273,48,case048.png,normalized,supporting_spreadsheet,https://www.cancerimagingarchive.net/wp-content/uploads/BrEaST-Lesions-USG-clinical-data-Dec-15-2023.xlsx,breast_clinical.xlsx,49,image_filename_exact_match,high,100,"{""modality"":""US"",""pixel_spacing_mm"":[0.0726979,0.0726979],""pixel_spacing_source_unit"":""cm""}"
Collection,Breast-Lesions-USG,41273,48,case048_tumor.png,inferred,supporting_spreadsheet,https://www.cancerimagingarchive.net/wp-content/uploads/BrEaST-Lesions-USG-clinical-data-Dec-15-2023.xlsx,breast_clinical.xlsx,49,paired_mask_inherits_source_image_spacing,medium,70,"{""modality"":""US"",""pixel_spacing_mm"":[0.0726979,0.0726979],""pixel_spacing_source_unit"":""cm""}"
Collection,Breast-Lesions-USG,41273,49,case049.png,normalized,supporting_spreadsheet,https://www.cancerimagingarchive.net/wp-content/uploads/BrEaST-Lesions-USG-clinical-data-Dec-15-2023.xlsx,breast_clinical.xlsx,50,image_filename_exact_match,high,100,"{""modality"":""US"",""pixel_spacing_mm"":[0.078125,0.078125],""pixel_spacing_source_unit"":""cm""}"
Collection,Breast-Lesions-USG,41273,49,case049_tumor.png,inferred,supporting_spreadsheet,https://www.cancerimagingarchive.net/wp-content/uploads/BrEaST-Lesions-USG-clinical-data-Dec-15-2023.xlsx,breast_clinical.xlsx,50,paired_mask_inherits_source_image_spacing,medium,70,"{""modality"":""US"",""pixel_spacing_mm"":[0.078125,0.078125],""pixel_spacing_source_unit"":""cm""}"
Collection,Breast-Lesions-USG,41273,50,case050.png,normalized,supporting_spreadsheet,https://www.cancerimagingarchive.net/wp-content/uploads/BrEaST-Lesions-USG-clinical-data-Dec-15-2023.xlsx,breast_clinical.xlsx,51,image_filename_exact_match,high,100,"{""modality"":""US"",""pixel_spacing_mm"":[0.10779999999999999,0.10779999999999999],""pixel_spacing_source_unit"":""cm""}"
Collection,Breast-Lesions-USG,41273,50,case050_tumor.png,inferred,supporting_spreadsheet,https://www.cancerimagingarchive.net/wp-content/uploads/BrEaST-Lesions-USG-clinical-data-Dec-15-2023.xlsx,breast_clinical.xlsx,51,paired_mask_inherits_source_image_spacing,medium,70,"{""modality"":""US"",""pixel_spacing_mm"":[0.10779999999999999,0.10779999999999999],""pixel_spacing_source_unit"":""cm""}"
Collection,Breast-Lesions-USG,41273,51,case051.png,normalized,supporting_spreadsheet,https://www.cancerimagingarchive.net/wp-content/uploads/BrEaST-Lesions-USG-clinical-data-Dec-15-2023.xlsx,breast_clinical.xlsx,52,image_filename_exact_match,high,100,"{""modality"":""US"",""pixel_spacing_mm"":[0.078125,0.078125],""pixel_spacing_source_unit"":""cm""}"
Collection,Breast-Lesions-USG,41273,51,case051_tumor.png,inferred,supporting_spreadsheet,https://www.cancerimagingarchive.net/wp-content/uploads/BrEaST-Lesions-USG-clinical-data-Dec-15-2023.xlsx,breast_clinical.xlsx,52,paired_mask_inherits_source_image_spacing,medium,70,"{""modality"":""US"",""pixel_spacing_mm"":[0.078125,0.078125],""pixel_spacing_source_unit"":""cm""}"
Collection,Breast-Lesions-USG,41273,52,case052.png,normalized,supporting_spreadsheet,https://www.cancerimagingarchive.net/wp-content/uploads/BrEaST-Lesions-USG-clinical-data-Dec-15-2023.xlsx,breast_clinical.xlsx,53,image_filename_exact_match,high,100,"{""modality"":""US"",""pixel_spacing_mm"":[0.06462036,0.06462036],""pixel_spacing_source_unit"":""cm""}"
Collection,Breast-Lesions-USG,41273,52,case052_tumor.png,inferred,supporting_spreadsheet,https://www.cancerimagingarchive.net/wp-content/uploads/BrEaST-Lesions-USG-clinical-data-Dec-15-2023.xlsx,breast_clinical.xlsx,53,paired_mask_inherits_source_image_spacing,medium,70,"{""modality"":""US"",""pixel_spacing_mm"":[0.06462036,0.06462036],""pixel_spacing_source_unit"":""cm""}"
Collection,Breast-Lesions-USG,41273,53,case053.png,normalized,supporting_spreadsheet,https://www.cancerimagingarchive.net/wp-content/uploads/BrEaST-Lesions-USG-clinical-data-Dec-15-2023.xlsx,breast_clinical.xlsx,54,image_filename_exact_match,high,100,"{""modality"":""US"",""pixel_spacing_mm"":[0.078125,0.078125],""pixel_spacing_source_unit"":""cm""}"
Collection,Breast-Lesions-USG,41273,53,case053_tumor.png,inferred,supporting_spreadsheet,https://www.cancerimagingarchive.net/wp-content/uploads/BrEaST-Lesions-USG-clinical-data-Dec-15-2023.xlsx,breast_clinical.xlsx,54,paired_mask_inherits_source_image_spacing,medium,70,"{""modality"":""US"",""pixel_spacing_mm"":[0.078125,0.078125],""pixel_spacing_source_unit"":""cm""}"
Collection,Breast-Lesions-USG,41273,54,case054.png,normalized,supporting_spreadsheet,https://www.cancerimagingarchive.net/wp-content/uploads/BrEaST-Lesions-USG-clinical-data-Dec-15-2023.xlsx,breast_clinical.xlsx,55,image_filename_exact_match,high,100,"{""modality"":""US"",""pixel_spacing_mm"":[0.05181347,0.05181347],""pixel_spacing_source_unit"":""cm""}"
Collection,Breast-Lesions-USG,41273,54,case054_tumor.png,inferred,supporting_spreadsheet,https://www.cancerimagingarchive.net/wp-content/uploads/BrEaST-Lesions-USG-clinical-data-Dec-15-2023.xlsx,breast_clinical.xlsx,55,paired_mask_inherits_source_image_spacing,medium,70,"{""modality"":""US"",""pixel_spacing_mm"":[0.05181347,0.05181347],""pixel_spacing_source_unit"":""cm""}"
Collection,Breast-Lesions-USG,41273,55,case055.png,normalized,supporting_spreadsheet,https://www.cancerimagingarchive.net/wp-content/uploads/BrEaST-Lesions-USG-clinical-data-Dec-15-2023.xlsx,breast_clinical.xlsx,56,image_filename_exact_match,high,100,"{""modality"":""US"",""pixel_spacing_mm"":[0.078125,0.078125],""pixel_spacing_source_unit"":""cm""}"
Collection,Breast-Lesions-USG,41273,55,case055_tumor.png,inferred,supporting_spreadsheet,https://www.cancerimagingarchive.net/wp-content/uploads/BrEaST-Lesions-USG-clinical-data-Dec-15-2023.xlsx,breast_clinical.xlsx,56,paired_mask_inherits_source_image_spacing,medium,70,"{""modality"":""US"",""pixel_spacing_mm"":[0.078125,0.078125],""pixel_spacing_source_unit"":""cm""}"
Collection,Breast-Lesions-USG,41273,56,case056.png,normalized,supporting_spreadsheet,https://www.cancerimagingarchive.net/wp-content/uploads/BrEaST-Lesions-USG-clinical-data-Dec-15-2023.xlsx,breast_clinical.xlsx,57,image_filename_exact_match,high,100,"{""modality"":""US"",""pixel_spacing_mm"":[0.10779999999999999,0.10779999999999999],""pixel_spacing_source_unit"":""cm""}"
Collection,Breast-Lesions-USG,41273,56,case056_tumor.png,inferred,supporting_spreadsheet,https://www.cancerimagingarchive.net/wp-content/uploads/BrEaST-Lesions-USG-clinical-data-Dec-15-2023.xlsx,breast_clinical.xlsx,57,paired_mask_inherits_source_image_spacing,medium,70,"{""modality"":""US"",""pixel_spacing_mm"":[0.10779999999999999,0.10779999999999999],""pixel_spacing_source_unit"":""cm""}"
Collection,Breast-Lesions-USG,41273,57,case057.png,normalized,supporting_spreadsheet,https://www.cancerimagingarchive.net/wp-content/uploads/BrEaST-Lesions-USG-clinical-data-Dec-15-2023.xlsx,breast_clinical.xlsx,58,image_filename_exact_match,high,100,"{""modality"":""US"",""pixel_spacing_mm"":[0.0726979,0.0726979],""pixel_spacing_source_unit"":""cm""}"
Collection,Breast-Lesions-USG,41273,57,case057_tumor.png,inferred,supporting_spreadsheet,https://www.cancerimagingarchive.net/wp-content/uploads/BrEaST-Lesions-USG-clinical-data-Dec-15-2023.xlsx,breast_clinical.xlsx,58,paired_mask_inherits_source_image_spacing,medium,70,"{""modality"":""US"",""pixel_spacing_mm"":[0.0726979,0.0726979],""pixel_spacing_source_unit"":""cm""}"
Collection,Breast-Lesions-USG,41273,58,case058.png,normalized,supporting_spreadsheet,https://www.cancerimagingarchive.net/wp-content/uploads/BrEaST-Lesions-USG-clinical-data-Dec-15-2023.xlsx,breast_clinical.xlsx,59,image_filename_exact_match,high,100,"{""modality"":""US"",""pixel_spacing_mm"":[0.0924,0.0924],""pixel_spacing_source_unit"":""cm""}"
Collection,Breast-Lesions-USG,41273,58,case058_tumor.png,inferred,supporting_spreadsheet,https://www.cancerimagingarchive.net/wp-content/uploads/BrEaST-Lesions-USG-clinical-data-Dec-15-2023.xlsx,breast_clinical.xlsx,59,paired_mask_inherits_source_image_spacing,medium,70,"{""modality"":""US"",""pixel_spacing_mm"":[0.0924,0.0924],""pixel_spacing_source_unit"":""cm""}"
Collection,Breast-Lesions-USG,41273,59,case059.png,normalized,supporting_spreadsheet,https://www.cancerimagingarchive.net/wp-content/uploads/BrEaST-Lesions-USG-clinical-data-Dec-15-2023.xlsx,breast_clinical.xlsx,60,image_filename_exact_match,high,100,"{""modality"":""US"",""pixel_spacing_mm"":[0.06944444,0.06944444],""pixel_spacing_source_unit"":""cm""}"
Collection,Breast-Lesions-USG,41273,59,case059_tumor.png,inferred,supporting_spreadsheet,https://www.cancerimagingarchive.net/wp-content/uploads/BrEaST-Lesions-USG-clinical-data-Dec-15-2023.xlsx,breast_clinical.xlsx,60,paired_mask_inherits_source_image_spacing,medium,70,"{""modality"":""US"",""pixel_spacing_mm"":[0.06944444,0.06944444],""pixel_spacing_source_unit"":""cm""}"
Collection,Breast-Lesions-USG,41273,60,case060.png,normalized,supporting_spreadsheet,https://www.cancerimagingarchive.net/wp-content/uploads/BrEaST-Lesions-USG-clinical-data-Dec-15-2023.xlsx,breast_clinical.xlsx,61,image_filename_exact_match,high,100,"{""modality"":""US"",""pixel_spacing_mm"":[0.06944444,0.06944444],""pixel_spacing_source_unit"":""cm""}"
Collection,Breast-Lesions-USG,41273,60,case060_tumor.png,inferred,supporting_spreadsheet,https://www.cancerimagingarchive.net/wp-content/uploads/BrEaST-Lesions-USG-clinical-data-Dec-15-2023.xlsx,breast_clinical.xlsx,61,paired_mask_inherits_source_image_spacing,medium,70,"{""modality"":""US"",""pixel_spacing_mm"":[0.06944444,0.06944444],""pixel_spacing_source_unit"":""cm""}"
Collection,Breast-Lesions-USG,41273,61,case061.png,normalized,supporting_spreadsheet,https://www.cancerimagingarchive.net/wp-content/uploads/BrEaST-Lesions-USG-clinical-data-Dec-15-2023.xlsx,breast_clinical.xlsx,62,image_filename_exact_match,high,100,"{""modality"":""US"",""pixel_spacing_mm"":[0.05902192,0.05902192],""pixel_spacing_source_unit"":""cm""}"
Collection,Breast-Lesions-USG,41273,62,case062.png,normalized,supporting_spreadsheet,https://www.cancerimagingarchive.net/wp-content/uploads/BrEaST-Lesions-USG-clinical-data-Dec-15-2023.xlsx,breast_clinical.xlsx,63,image_filename_exact_match,high,100,"{""modality"":""US"",""pixel_spacing_mm"":[0.05208333,0.05208333],""pixel_spacing_source_unit"":""cm""}"
Collection,Breast-Lesions-USG,41273,62,case062_tumor.png,inferred,supporting_spreadsheet,https://www.cancerimagingarchive.net/wp-content/uploads/BrEaST-Lesions-USG-clinical-data-Dec-15-2023.xlsx,breast_clinical.xlsx,63,paired_mask_inherits_source_image_spacing,medium,70,"{""modality"":""US"",""pixel_spacing_mm"":[0.05208333,0.05208333],""pixel_spacing_source_unit"":""cm""}"
Collection,Breast-Lesions-USG,41273,63,case063.png,normalized,supporting_spreadsheet,https://www.cancerimagingarchive.net/wp-content/uploads/BrEaST-Lesions-USG-clinical-data-Dec-15-2023.xlsx,breast_clinical.xlsx,64,image_filename_exact_match,high,100,"{""modality"":""US"",""pixel_spacing_mm"":[0.10779999999999999,0.10779999999999999],""pixel_spacing_source_unit"":""cm""}"
Collection,Breast-Lesions-USG,41273,63,case063_tumor.png,inferred,supporting_spreadsheet,https://www.cancerimagingarchive.net/wp-content/uploads/BrEaST-Lesions-USG-clinical-data-Dec-15-2023.xlsx,breast_clinical.xlsx,64,paired_mask_inherits_source_image_spacing,medium,70,"{""modality"":""US"",""pixel_spacing_mm"":[0.10779999999999999,0.10779999999999999],""pixel_spacing_source_unit"":""cm""}"
Collection,Breast-Lesions-USG,41273,64,case064.png,normalized,supporting_spreadsheet,https://www.cancerimagingarchive.net/wp-content/uploads/BrEaST-Lesions-USG-clinical-data-Dec-15-2023.xlsx,breast_clinical.xlsx,65,image_filename_exact_match,high,100,"{""modality"":""US"",""pixel_spacing_mm"":[0.078125,0.078125],""pixel_spacing_source_unit"":""cm""}"
Collection,Breast-Lesions-USG,41273,64,case064_tumor.png,inferred,supporting_spreadsheet,https://www.cancerimagingarchive.net/wp-content/uploads/BrEaST-Lesions-USG-clinical-data-Dec-15-2023.xlsx,breast_clinical.xlsx,65,paired_mask_inherits_source_image_spacing,medium,70,"{""modality"":""US"",""pixel_spacing_mm"":[0.078125,0.078125],""pixel_spacing_source_unit"":""cm""}"
Collection,Breast-Lesions-USG,41273,65,case065.png,normalized,supporting_spreadsheet,https://www.cancerimagingarchive.net/wp-content/uploads/BrEaST-Lesions-USG-clinical-data-Dec-15-2023.xlsx,breast_clinical.xlsx,66,image_filename_exact_match,high,100,"{""modality"":""US"",""pixel_spacing_mm"":[0.06944444,0.06944444],""pixel_spacing_source_unit"":""cm""}"
Collection,Breast-Lesions-USG,41273,65,case065_tumor.png,inferred,supporting_spreadsheet,https://www.cancerimagingarchive.net/wp-content/uploads/BrEaST-Lesions-USG-clinical-data-Dec-15-2023.xlsx,breast_clinical.xlsx,66,paired_mask_inherits_source_image_spacing,medium,70,"{""modality"":""US"",""pixel_spacing_mm"":[0.06944444,0.06944444],""pixel_spacing_source_unit"":""cm""}"
Collection,Breast-Lesions-USG,41273,66,case066.png,normalized,supporting_spreadsheet,https://www.cancerimagingarchive.net/wp-content/uploads/BrEaST-Lesions-USG-clinical-data-Dec-15-2023.xlsx,breast_clinical.xlsx,67,image_filename_exact_match,high,100,"{""modality"":""US"",""pixel_spacing_mm"":[0.0924,0.0924],""pixel_spacing_source_unit"":""cm""}"
Collection,Breast-Lesions-USG,41273,66,case066_tumor.png,inferred,supporting_spreadsheet,https://www.cancerimagingarchive.net/wp-content/uploads/BrEaST-Lesions-USG-clinical-data-Dec-15-2023.xlsx,breast_clinical.xlsx,67,paired_mask_inherits_source_image_spacing,medium,70,"{""modality"":""US"",""pixel_spacing_mm"":[0.0924,0.0924],""pixel_spacing_source_unit"":""cm""}"
Collection,Breast-Lesions-USG,41273,67,case067.png,normalized,supporting_spreadsheet,https://www.cancerimagingarchive.net/wp-content/uploads/BrEaST-Lesions-USG-clinical-data-Dec-15-2023.xlsx,breast_clinical.xlsx,68,image_filename_exact_match,high,100,"{""modality"":""US"",""pixel_spacing_mm"":[0.06944444,0.06944444],""pixel_spacing_source_unit"":""cm""}"
Collection,Breast-Lesions-USG,41273,67,case067_tumor.png,inferred,supporting_spreadsheet,https://www.cancerimagingarchive.net/wp-content/uploads/BrEaST-Lesions-USG-clinical-data-Dec-15-2023.xlsx,breast_clinical.xlsx,68,paired_mask_inherits_source_image_spacing,medium,70,"{""modality"":""US"",""pixel_spacing_mm"":[0.06944444,0.06944444],""pixel_spacing_source_unit"":""cm""}"
Collection,Breast-Lesions-USG,41273,68,case068.png,normalized,supporting_spreadsheet,https://www.cancerimagingarchive.net/wp-content/uploads/BrEaST-Lesions-USG-clinical-data-Dec-15-2023.xlsx,breast_clinical.xlsx,69,image_filename_exact_match,high,100,"{""modality"":""US"",""pixel_spacing_mm"":[0.06944444,0.06944444],""pixel_spacing_source_unit"":""cm""}"
Collection,Breast-Lesions-USG,41273,68,case068_tumor.png,inferred,supporting_spreadsheet,https://www.cancerimagingarchive.net/wp-content/uploads/BrEaST-Lesions-USG-clinical-data-Dec-15-2023.xlsx,breast_clinical.xlsx,69,paired_mask_inherits_source_image_spacing,medium,70,"{""modality"":""US"",""pixel_spacing_mm"":[0.06944444,0.06944444],""pixel_spacing_source_unit"":""cm""}"
Collection,Breast-Lesions-USG,41273,69,case069.png,normalized,supporting_spreadsheet,https://www.cancerimagingarchive.net/wp-content/uploads/BrEaST-Lesions-USG-clinical-data-Dec-15-2023.xlsx,breast_clinical.xlsx,70,image_filename_exact_match,high,100,"{""modality"":""US"",""pixel_spacing_mm"":[0.078125,0.078125],""pixel_spacing_source_unit"":""cm""}"
Collection,Breast-Lesions-USG,41273,69,case069_tumor.png,inferred,supporting_spreadsheet,https://www.cancerimagingarchive.net/wp-content/uploads/BrEaST-Lesions-USG-clinical-data-Dec-15-2023.xlsx,breast_clinical.xlsx,70,paired_mask_inherits_source_image_spacing,medium,70,"{""modality"":""US"",""pixel_spacing_mm"":[0.078125,0.078125],""pixel_spacing_source_unit"":""cm""}"
Collection,Breast-Lesions-USG,41273,70,case070.png,normalized,supporting_spreadsheet,https://www.cancerimagingarchive.net/wp-content/uploads/BrEaST-Lesions-USG-clinical-data-Dec-15-2023.xlsx,breast_clinical.xlsx,71,image_filename_exact_match,high,100,"{""modality"":""US"",""pixel_spacing_mm"":[0.06076389,0.06076389],""pixel_spacing_source_unit"":""cm""}"
Collection,Breast-Lesions-USG,41273,70,case070_tumor.png,inferred,supporting_spreadsheet,https://www.cancerimagingarchive.net/wp-content/uploads/BrEaST-Lesions-USG-clinical-data-Dec-15-2023.xlsx,breast_clinical.xlsx,71,paired_mask_inherits_source_image_spacing,medium,70,"{""modality"":""US"",""pixel_spacing_mm"":[0.06076389,0.06076389],""pixel_spacing_source_unit"":""cm""}"
Collection,Breast-Lesions-USG,41273,71,case071.png,normalized,supporting_spreadsheet,https://www.cancerimagingarchive.net/wp-content/uploads/BrEaST-Lesions-USG-clinical-data-Dec-15-2023.xlsx,breast_clinical.xlsx,72,image_filename_exact_match,high,100,"{""modality"":""US"",""pixel_spacing_mm"":[0.06944444,0.06944444],""pixel_spacing_source_unit"":""cm""}"
Collection,Breast-Lesions-USG,41273,71,case071_tumor.png,inferred,supporting_spreadsheet,https://www.cancerimagingarchive.net/wp-content/uploads/BrEaST-Lesions-USG-clinical-data-Dec-15-2023.xlsx,breast_clinical.xlsx,72,paired_mask_inherits_source_image_spacing,medium,70,"{""modality"":""US"",""pixel_spacing_mm"":[0.06944444,0.06944444],""pixel_spacing_source_unit"":""cm""}"
Collection,Breast-Lesions-USG,41273,72,case072.png,normalized,supporting_spreadsheet,https://www.cancerimagingarchive.net/wp-content/uploads/BrEaST-Lesions-USG-clinical-data-Dec-15-2023.xlsx,breast_clinical.xlsx,73,image_filename_exact_match,high,100,"{""modality"":""US"",""pixel_spacing_mm"":[0.0924,0.0924],""pixel_spacing_source_unit"":""cm""}"
Collection,Breast-Lesions-USG,41273,72,case072_tumor.png,inferred,supporting_spreadsheet,https://www.cancerimagingarchive.net/wp-content/uploads/BrEaST-Lesions-USG-clinical-data-Dec-15-2023.xlsx,breast_clinical.xlsx,73,paired_mask_inherits_source_image_spacing,medium,70,"{""modality"":""US"",""pixel_spacing_mm"":[0.0924,0.0924],""pixel_spacing_source_unit"":""cm""}"
Collection,Breast-Lesions-USG,41273,73,case073.png,normalized,supporting_spreadsheet,https://www.cancerimagingarchive.net/wp-content/uploads/BrEaST-Lesions-USG-clinical-data-Dec-15-2023.xlsx,breast_clinical.xlsx,74,image_filename_exact_match,high,100,"{""modality"":""US"",""pixel_spacing_mm"":[0.078125,0.078125],""pixel_spacing_source_unit"":""cm""}"
Collection,Breast-Lesions-USG,41273,73,case073_tumor.png,inferred,supporting_spreadsheet,https://www.cancerimagingarchive.net/wp-content/uploads/BrEaST-Lesions-USG-clinical-data-Dec-15-2023.xlsx,breast_clinical.xlsx,74,paired_mask_inherits_source_image_spacing,medium,70,"{""modality"":""US"",""pixel_spacing_mm"":[0.078125,0.078125],""pixel_spacing_source_unit"":""cm""}"
Collection,Breast-Lesions-USG,41273,74,case074.png,normalized,supporting_spreadsheet,https://www.cancerimagingarchive.net/wp-content/uploads/BrEaST-Lesions-USG-clinical-data-Dec-15-2023.xlsx,breast_clinical.xlsx,75,image_filename_exact_match,high,100,"{""modality"":""US"",""pixel_spacing_mm"":[0.05181347,0.05181347],""pixel_spacing_source_unit"":""cm""}"
Collection,Breast-Lesions-USG,41273,74,case074_tumor.png,inferred,supporting_spreadsheet,https://www.cancerimagingarchive.net/wp-content/uploads/BrEaST-Lesions-USG-clinical-data-Dec-15-2023.xlsx,breast_clinical.xlsx,75,paired_mask_inherits_source_image_spacing,medium,70,"{""modality"":""US"",""pixel_spacing_mm"":[0.05181347,0.05181347],""pixel_spacing_source_unit"":""cm""}"
Collection,Breast-Lesions-USG,41273,75,case075.png,normalized,supporting_spreadsheet,https://www.cancerimagingarchive.net/wp-content/uploads/BrEaST-Lesions-USG-clinical-data-Dec-15-2023.xlsx,breast_clinical.xlsx,76,image_filename_exact_match,high,100,"{""modality"":""US"",""pixel_spacing_mm"":[0.10779999999999999,0.10779999999999999],""pixel_spacing_source_unit"":""cm""}"
Collection,Breast-Lesions-USG,41273,75,case075_tumor.png,inferred,supporting_spreadsheet,https://www.cancerimagingarchive.net/wp-content/uploads/BrEaST-Lesions-USG-clinical-data-Dec-15-2023.xlsx,breast_clinical.xlsx,76,paired_mask_inherits_source_image_spacing,medium,70,"{""modality"":""US"",""pixel_spacing_mm"":[0.10779999999999999,0.10779999999999999],""pixel_spacing_source_unit"":""cm""}"
Collection,Breast-Lesions-USG,41273,76,case076.png,normalized,supporting_spreadsheet,https://www.cancerimagingarchive.net/wp-content/uploads/BrEaST-Lesions-USG-clinical-data-Dec-15-2023.xlsx,breast_clinical.xlsx,77,image_filename_exact_match,high,100,"{""modality"":""US"",""pixel_spacing_mm"":[0.078125,0.078125],""pixel_spacing_source_unit"":""cm""}"
Collection,Breast-Lesions-USG,41273,76,case076_tumor.png,inferred,supporting_spreadsheet,https://www.cancerimagingarchive.net/wp-content/uploads/BrEaST-Lesions-USG-clinical-data-Dec-15-2023.xlsx,breast_clinical.xlsx,77,paired_mask_inherits_source_image_spacing,medium,70,"{""modality"":""US"",""pixel_spacing_mm"":[0.078125,0.078125],""pixel_spacing_source_unit"":""cm""}"
Collection,Breast-Lesions-USG,41273,77,case077.png,normalized,supporting_spreadsheet,https://www.cancerimagingarchive.net/wp-content/uploads/BrEaST-Lesions-USG-clinical-data-Dec-15-2023.xlsx,breast_clinical.xlsx,78,image_filename_exact_match,high,100,"{""modality"":""US"",""pixel_spacing_mm"":[0.078125,0.078125],""pixel_spacing_source_unit"":""cm""}"
Collection,Breast-Lesions-USG,41273,77,case077_tumor.png,inferred,supporting_spreadsheet,https://www.cancerimagingarchive.net/wp-content/uploads/BrEaST-Lesions-USG-clinical-data-Dec-15-2023.xlsx,breast_clinical.xlsx,78,paired_mask_inherits_source_image_spacing,medium,70,"{""modality"":""US"",""pixel_spacing_mm"":[0.078125,0.078125],""pixel_spacing_source_unit"":""cm""}"
Collection,Breast-Lesions-USG,41273,78,case078.png,normalized,supporting_spreadsheet,https://www.cancerimagingarchive.net/wp-content/uploads/BrEaST-Lesions-USG-clinical-data-Dec-15-2023.xlsx,breast_clinical.xlsx,79,image_filename_exact_match,high,100,"{""modality"":""US"",""pixel_spacing_mm"":[0.0924,0.0924],""pixel_spacing_source_unit"":""cm""}"
Collection,Breast-Lesions-USG,41273,78,case078_tumor.png,inferred,supporting_spreadsheet,https://www.cancerimagingarchive.net/wp-content/uploads/BrEaST-Lesions-USG-clinical-data-Dec-15-2023.xlsx,breast_clinical.xlsx,79,paired_mask_inherits_source_image_spacing,medium,70,"{""modality"":""US"",""pixel_spacing_mm"":[0.0924,0.0924],""pixel_spacing_source_unit"":""cm""}"
Collection,Breast-Lesions-USG,41273,79,case079.png,normalized,supporting_spreadsheet,https://www.cancerimagingarchive.net/wp-content/uploads/BrEaST-Lesions-USG-clinical-data-Dec-15-2023.xlsx,breast_clinical.xlsx,80,image_filename_exact_match,high,100,"{""modality"":""US"",""pixel_spacing_mm"":[0.078125,0.078125],""pixel_spacing_source_unit"":""cm""}"
Collection,Breast-Lesions-USG,41273,79,case079_tumor.png,inferred,supporting_spreadsheet,https://www.cancerimagingarchive.net/wp-content/uploads/BrEaST-Lesions-USG-clinical-data-Dec-15-2023.xlsx,breast_clinical.xlsx,80,paired_mask_inherits_source_image_spacing,medium,70,"{""modality"":""US"",""pixel_spacing_mm"":[0.078125,0.078125],""pixel_spacing_source_unit"":""cm""}"
Collection,Breast-Lesions-USG,41273,80,case080.png,normalized,supporting_spreadsheet,https://www.cancerimagingarchive.net/wp-content/uploads/BrEaST-Lesions-USG-clinical-data-Dec-15-2023.xlsx,breast_clinical.xlsx,81,image_filename_exact_match,high,100,"{""modality"":""US"",""pixel_spacing_mm"":[0.06462036,0.06462036],""pixel_spacing_source_unit"":""cm""}"
Collection,Breast-Lesions-USG,41273,80,case080_tumor.png,inferred,supporting_spreadsheet,https://www.cancerimagingarchive.net/wp-content/uploads/BrEaST-Lesions-USG-clinical-data-Dec-15-2023.xlsx,breast_clinical.xlsx,81,paired_mask_inherits_source_image_spacing,medium,70,"{""modality"":""US"",""pixel_spacing_mm"":[0.06462036,0.06462036],""pixel_spacing_source_unit"":""cm""}"
Collection,Breast-Lesions-USG,41273,81,case081.png,normalized,supporting_spreadsheet,https://www.cancerimagingarchive.net/wp-content/uploads/BrEaST-Lesions-USG-clinical-data-Dec-15-2023.xlsx,breast_clinical.xlsx,82,image_filename_exact_match,high,100,"{""modality"":""US"",""pixel_spacing_mm"":[0.078125,0.078125],""pixel_spacing_source_unit"":""cm""}"
Collection,Breast-Lesions-USG,41273,81,case081_tumor.png,inferred,supporting_spreadsheet,https://www.cancerimagingarchive.net/wp-content/uploads/BrEaST-Lesions-USG-clinical-data-Dec-15-2023.xlsx,breast_clinical.xlsx,82,paired_mask_inherits_source_image_spacing,medium,70,"{""modality"":""US"",""pixel_spacing_mm"":[0.078125,0.078125],""pixel_spacing_source_unit"":""cm""}"
Collection,Breast-Lesions-USG,41273,82,case082.png,normalized,supporting_spreadsheet,https://www.cancerimagingarchive.net/wp-content/uploads/BrEaST-Lesions-USG-clinical-data-Dec-15-2023.xlsx,breast_clinical.xlsx,83,image_filename_exact_match,high,100,"{""modality"":""US"",""pixel_spacing_mm"":[0.078125,0.078125],""pixel_spacing_source_unit"":""cm""}"
Collection,Breast-Lesions-USG,41273,82,case082_tumor.png,inferred,supporting_spreadsheet,https://www.cancerimagingarchive.net/wp-content/uploads/BrEaST-Lesions-USG-clinical-data-Dec-15-2023.xlsx,breast_clinical.xlsx,83,paired_mask_inherits_source_image_spacing,medium,70,"{""modality"":""US"",""pixel_spacing_mm"":[0.078125,0.078125],""pixel_spacing_source_unit"":""cm""}"
Collection,Breast-Lesions-USG,41273,83,case083.png,normalized,supporting_spreadsheet,https://www.cancerimagingarchive.net/wp-content/uploads/BrEaST-Lesions-USG-clinical-data-Dec-15-2023.xlsx,breast_clinical.xlsx,84,image_filename_exact_match,high,100,"{""modality"":""US"",""pixel_spacing_mm"":[0.05902192,0.05902192],""pixel_spacing_source_unit"":""cm""}"
Collection,Breast-Lesions-USG,41273,83,case083_tumor.png,inferred,supporting_spreadsheet,https://www.cancerimagingarchive.net/wp-content/uploads/BrEaST-Lesions-USG-clinical-data-Dec-15-2023.xlsx,breast_clinical.xlsx,84,paired_mask_inherits_source_image_spacing,medium,70,"{""modality"":""US"",""pixel_spacing_mm"":[0.05902192,0.05902192],""pixel_spacing_source_unit"":""cm""}"
Collection,Breast-Lesions-USG,41273,84,case084.png,normalized,supporting_spreadsheet,https://www.cancerimagingarchive.net/wp-content/uploads/BrEaST-Lesions-USG-clinical-data-Dec-15-2023.xlsx,breast_clinical.xlsx,85,image_filename_exact_match,high,100,"{""modality"":""US"",""pixel_spacing_mm"":[0.10779999999999999,0.10779999999999999],""pixel_spacing_source_unit"":""cm""}"
Collection,Breast-Lesions-USG,41273,84,case084_tumor.png,inferred,supporting_spreadsheet,https://www.cancerimagingarchive.net/wp-content/uploads/BrEaST-Lesions-USG-clinical-data-Dec-15-2023.xlsx,breast_clinical.xlsx,85,paired_mask_inherits_source_image_spacing,medium,70,"{""modality"":""US"",""pixel_spacing_mm"":[0.10779999999999999,0.10779999999999999],""pixel_spacing_source_unit"":""cm""}"
Collection,Breast-Lesions-USG,41273,85,case085.png,normalized,supporting_spreadsheet,https://www.cancerimagingarchive.net/wp-content/uploads/BrEaST-Lesions-USG-clinical-data-Dec-15-2023.xlsx,breast_clinical.xlsx,86,image_filename_exact_match,high,100,"{""modality"":""US"",""pixel_spacing_mm"":[0.05190311,0.05190311],""pixel_spacing_source_unit"":""cm""}"
Collection,Breast-Lesions-USG,41273,85,case085_tumor.png,inferred,supporting_spreadsheet,https://www.cancerimagingarchive.net/wp-content/uploads/BrEaST-Lesions-USG-clinical-data-Dec-15-2023.xlsx,breast_clinical.xlsx,86,paired_mask_inherits_source_image_spacing,medium,70,"{""modality"":""US"",""pixel_spacing_mm"":[0.05190311,0.05190311],""pixel_spacing_source_unit"":""cm""}"
Collection,Breast-Lesions-USG,41273,85,case085_other1.png,inferred,supporting_spreadsheet,https://www.cancerimagingarchive.net/wp-content/uploads/BrEaST-Lesions-USG-clinical-data-Dec-15-2023.xlsx,breast_clinical.xlsx,86,paired_mask_inherits_source_image_spacing,medium,70,"{""modality"":""US"",""pixel_spacing_mm"":[0.05190311,0.05190311],""pixel_spacing_source_unit"":""cm""}"
Collection,Breast-Lesions-USG,41273,85,case085_other2.png,inferred,supporting_spreadsheet,https://www.cancerimagingarchive.net/wp-content/uploads/BrEaST-Lesions-USG-clinical-data-Dec-15-2023.xlsx,breast_clinical.xlsx,86,paired_mask_inherits_source_image_spacing,medium,70,"{""modality"":""US"",""pixel_spacing_mm"":[0.05190311,0.05190311],""pixel_spacing_source_unit"":""cm""}"
Collection,Breast-Lesions-USG,41273,86,case086.png,normalized,supporting_spreadsheet,https://www.cancerimagingarchive.net/wp-content/uploads/BrEaST-Lesions-USG-clinical-data-Dec-15-2023.xlsx,breast_clinical.xlsx,87,image_filename_exact_match,high,100,"{""modality"":""US"",""pixel_spacing_mm"":[0.10779999999999999,0.10779999999999999],""pixel_spacing_source_unit"":""cm""}"
Collection,Breast-Lesions-USG,41273,86,case086_tumor.png,inferred,supporting_spreadsheet,https://www.cancerimagingarchive.net/wp-content/uploads/BrEaST-Lesions-USG-clinical-data-Dec-15-2023.xlsx,breast_clinical.xlsx,87,paired_mask_inherits_source_image_spacing,medium,70,"{""modality"":""US"",""pixel_spacing_mm"":[0.10779999999999999,0.10779999999999999],""pixel_spacing_source_unit"":""cm""}"
Collection,Breast-Lesions-USG,41273,87,case087.png,normalized,supporting_spreadsheet,https://www.cancerimagingarchive.net/wp-content/uploads/BrEaST-Lesions-USG-clinical-data-Dec-15-2023.xlsx,breast_clinical.xlsx,88,image_filename_exact_match,high,100,"{""modality"":""US"",""pixel_spacing_mm"":[0.078125,0.078125],""pixel_spacing_source_unit"":""cm""}"
Collection,Breast-Lesions-USG,41273,87,case087_tumor.png,inferred,supporting_spreadsheet,https://www.cancerimagingarchive.net/wp-content/uploads/BrEaST-Lesions-USG-clinical-data-Dec-15-2023.xlsx,breast_clinical.xlsx,88,paired_mask_inherits_source_image_spacing,medium,70,"{""modality"":""US"",""pixel_spacing_mm"":[0.078125,0.078125],""pixel_spacing_source_unit"":""cm""}"
Collection,Breast-Lesions-USG,41273,88,case088.png,normalized,supporting_spreadsheet,https://www.cancerimagingarchive.net/wp-content/uploads/BrEaST-Lesions-USG-clinical-data-Dec-15-2023.xlsx,breast_clinical.xlsx,89,image_filename_exact_match,high,100,"{""modality"":""US"",""pixel_spacing_mm"":[0.05181347,0.05181347],""pixel_spacing_source_unit"":""cm""}"
Collection,Breast-Lesions-USG,41273,88,case088_tumor.png,inferred,supporting_spreadsheet,https://www.cancerimagingarchive.net/wp-content/uploads/BrEaST-Lesions-USG-clinical-data-Dec-15-2023.xlsx,breast_clinical.xlsx,89,paired_mask_inherits_source_image_spacing,medium,70,"{""modality"":""US"",""pixel_spacing_mm"":[0.05181347,0.05181347],""pixel_spacing_source_unit"":""cm""}"
Collection,Breast-Lesions-USG,41273,89,case089.png,normalized,supporting_spreadsheet,https://www.cancerimagingarchive.net/wp-content/uploads/BrEaST-Lesions-USG-clinical-data-Dec-15-2023.xlsx,breast_clinical.xlsx,90,image_filename_exact_match,high,100,"{""modality"":""US"",""pixel_spacing_mm"":[0.078125,0.078125],""pixel_spacing_source_unit"":""cm""}"
Collection,Breast-Lesions-USG,41273,89,case089_tumor.png,inferred,supporting_spreadsheet,https://www.cancerimagingarchive.net/wp-content/uploads/BrEaST-Lesions-USG-clinical-data-Dec-15-2023.xlsx,breast_clinical.xlsx,90,paired_mask_inherits_source_image_spacing,medium,70,"{""modality"":""US"",""pixel_spacing_mm"":[0.078125,0.078125],""pixel_spacing_source_unit"":""cm""}"
Collection,Breast-Lesions-USG,41273,90,case090.png,normalized,supporting_spreadsheet,https://www.cancerimagingarchive.net/wp-content/uploads/BrEaST-Lesions-USG-clinical-data-Dec-15-2023.xlsx,breast_clinical.xlsx,91,image_filename_exact_match,high,100,"{""modality"":""US"",""pixel_spacing_mm"":[0.078125,0.078125],""pixel_spacing_source_unit"":""cm""}"
Collection,Breast-Lesions-USG,41273,90,case090_tumor.png,inferred,supporting_spreadsheet,https://www.cancerimagingarchive.net/wp-content/uploads/BrEaST-Lesions-USG-clinical-data-Dec-15-2023.xlsx,breast_clinical.xlsx,91,paired_mask_inherits_source_image_spacing,medium,70,"{""modality"":""US"",""pixel_spacing_mm"":[0.078125,0.078125],""pixel_spacing_source_unit"":""cm""}"
Collection,Breast-Lesions-USG,41273,91,case091.png,normalized,supporting_spreadsheet,https://www.cancerimagingarchive.net/wp-content/uploads/BrEaST-Lesions-USG-clinical-data-Dec-15-2023.xlsx,breast_clinical.xlsx,92,image_filename_exact_match,high,100,"{""modality"":""US"",""pixel_spacing_mm"":[0.06944444,0.06944444],""pixel_spacing_source_unit"":""cm""}"
Collection,Breast-Lesions-USG,41273,91,case091_tumor.png,inferred,supporting_spreadsheet,https://www.cancerimagingarchive.net/wp-content/uploads/BrEaST-Lesions-USG-clinical-data-Dec-15-2023.xlsx,breast_clinical.xlsx,92,paired_mask_inherits_source_image_spacing,medium,70,"{""modality"":""US"",""pixel_spacing_mm"":[0.06944444,0.06944444],""pixel_spacing_source_unit"":""cm""}"
Collection,Breast-Lesions-USG,41273,92,case092.png,normalized,supporting_spreadsheet,https://www.cancerimagingarchive.net/wp-content/uploads/BrEaST-Lesions-USG-clinical-data-Dec-15-2023.xlsx,breast_clinical.xlsx,93,image_filename_exact_match,high,100,"{""modality"":""US"",""pixel_spacing_mm"":[0.059101650000000006,0.059101650000000006],""pixel_spacing_source_unit"":""cm""}"
Collection,Breast-Lesions-USG,41273,92,case092_tumor.png,inferred,supporting_spreadsheet,https://www.cancerimagingarchive.net/wp-content/uploads/BrEaST-Lesions-USG-clinical-data-Dec-15-2023.xlsx,breast_clinical.xlsx,93,paired_mask_inherits_source_image_spacing,medium,70,"{""modality"":""US"",""pixel_spacing_mm"":[0.059101650000000006,0.059101650000000006],""pixel_spacing_source_unit"":""cm""}"
Collection,Breast-Lesions-USG,41273,92,case092_other1.png,inferred,supporting_spreadsheet,https://www.cancerimagingarchive.net/wp-content/uploads/BrEaST-Lesions-USG-clinical-data-Dec-15-2023.xlsx,breast_clinical.xlsx,93,paired_mask_inherits_source_image_spacing,medium,70,"{""modality"":""US"",""pixel_spacing_mm"":[0.059101650000000006,0.059101650000000006],""pixel_spacing_source_unit"":""cm""}"
Collection,Breast-Lesions-USG,41273,93,case093.png,normalized,supporting_spreadsheet,https://www.cancerimagingarchive.net/wp-content/uploads/BrEaST-Lesions-USG-clinical-data-Dec-15-2023.xlsx,breast_clinical.xlsx,94,image_filename_exact_match,high,100,"{""modality"":""US"",""pixel_spacing_mm"":[0.078125,0.078125],""pixel_spacing_source_unit"":""cm""}"
Collection,Breast-Lesions-USG,41273,93,case093_tumor.png,inferred,supporting_spreadsheet,https://www.cancerimagingarchive.net/wp-content/uploads/BrEaST-Lesions-USG-clinical-data-Dec-15-2023.xlsx,breast_clinical.xlsx,94,paired_mask_inherits_source_image_spacing,medium,70,"{""modality"":""US"",""pixel_spacing_mm"":[0.078125,0.078125],""pixel_spacing_source_unit"":""cm""}"
Collection,Breast-Lesions-USG,41273,94,case094.png,normalized,supporting_spreadsheet,https://www.cancerimagingarchive.net/wp-content/uploads/BrEaST-Lesions-USG-clinical-data-Dec-15-2023.xlsx,breast_clinical.xlsx,95,image_filename_exact_match,high,100,"{""modality"":""US"",""pixel_spacing_mm"":[0.078125,0.078125],""pixel_spacing_source_unit"":""cm""}"
Collection,Breast-Lesions-USG,41273,94,case094_tumor.png,inferred,supporting_spreadsheet,https://www.cancerimagingarchive.net/wp-content/uploads/BrEaST-Lesions-USG-clinical-data-Dec-15-2023.xlsx,breast_clinical.xlsx,95,paired_mask_inherits_source_image_spacing,medium,70,"{""modality"":""US"",""pixel_spacing_mm"":[0.078125,0.078125],""pixel_spacing_source_unit"":""cm""}"
Collection,Breast-Lesions-USG,41273,95,case095.png,normalized,supporting_spreadsheet,https://www.cancerimagingarchive.net/wp-content/uploads/BrEaST-Lesions-USG-clinical-data-Dec-15-2023.xlsx,breast_clinical.xlsx,96,image_filename_exact_match,high,100,"{""modality"":""US"",""pixel_spacing_mm"":[0.06944444,0.06944444],""pixel_spacing_source_unit"":""cm""}"
Collection,Breast-Lesions-USG,41273,95,case095_tumor.png,inferred,supporting_spreadsheet,https://www.cancerimagingarchive.net/wp-content/uploads/BrEaST-Lesions-USG-clinical-data-Dec-15-2023.xlsx,breast_clinical.xlsx,96,paired_mask_inherits_source_image_spacing,medium,70,"{""modality"":""US"",""pixel_spacing_mm"":[0.06944444,0.06944444],""pixel_spacing_source_unit"":""cm""}"
Collection,Breast-Lesions-USG,41273,96,case096.png,normalized,supporting_spreadsheet,https://www.cancerimagingarchive.net/wp-content/uploads/BrEaST-Lesions-USG-clinical-data-Dec-15-2023.xlsx,breast_clinical.xlsx,97,image_filename_exact_match,high,100,"{""modality"":""US"",""pixel_spacing_mm"":[0.06944444,0.06944444],""pixel_spacing_source_unit"":""cm""}"
Collection,Breast-Lesions-USG,41273,96,case096_tumor.png,inferred,supporting_spreadsheet,https://www.cancerimagingarchive.net/wp-content/uploads/BrEaST-Lesions-USG-clinical-data-Dec-15-2023.xlsx,breast_clinical.xlsx,97,paired_mask_inherits_source_image_spacing,medium,70,"{""modality"":""US"",""pixel_spacing_mm"":[0.06944444,0.06944444],""pixel_spacing_source_unit"":""cm""}"
Collection,Breast-Lesions-USG,41273,97,case097.png,normalized,supporting_spreadsheet,https://www.cancerimagingarchive.net/wp-content/uploads/BrEaST-Lesions-USG-clinical-data-Dec-15-2023.xlsx,breast_clinical.xlsx,98,image_filename_exact_match,high,100,"{""modality"":""US"",""pixel_spacing_mm"":[0.05882353,0.05882353],""pixel_spacing_source_unit"":""cm""}"
Collection,Breast-Lesions-USG,41273,97,case097_tumor.png,inferred,supporting_spreadsheet,https://www.cancerimagingarchive.net/wp-content/uploads/BrEaST-Lesions-USG-clinical-data-Dec-15-2023.xlsx,breast_clinical.xlsx,98,paired_mask_inherits_source_image_spacing,medium,70,"{""modality"":""US"",""pixel_spacing_mm"":[0.05882353,0.05882353],""pixel_spacing_source_unit"":""cm""}"
Collection,Breast-Lesions-USG,41273,98,case098.png,normalized,supporting_spreadsheet,https://www.cancerimagingarchive.net/wp-content/uploads/BrEaST-Lesions-USG-clinical-data-Dec-15-2023.xlsx,breast_clinical.xlsx,99,image_filename_exact_match,high,100,"{""modality"":""US"",""pixel_spacing_mm"":[0.06944444,0.06944444],""pixel_spacing_source_unit"":""cm""}"
Collection,Breast-Lesions-USG,41273,98,case098_tumor.png,inferred,supporting_spreadsheet,https://www.cancerimagingarchive.net/wp-content/uploads/BrEaST-Lesions-USG-clinical-data-Dec-15-2023.xlsx,breast_clinical.xlsx,99,paired_mask_inherits_source_image_spacing,medium,70,"{""modality"":""US"",""pixel_spacing_mm"":[0.06944444,0.06944444],""pixel_spacing_source_unit"":""cm""}"
Collection,Breast-Lesions-USG,41273,99,case099.png,normalized,supporting_spreadsheet,https://www.cancerimagingarchive.net/wp-content/uploads/BrEaST-Lesions-USG-clinical-data-Dec-15-2023.xlsx,breast_clinical.xlsx,100,image_filename_exact_match,high,100,"{""modality"":""US"",""pixel_spacing_mm"":[0.078125,0.078125],""pixel_spacing_source_unit"":""cm""}"
Collection,Breast-Lesions-USG,41273,99,case099_tumor.png,inferred,supporting_spreadsheet,https://www.cancerimagingarchive.net/wp-content/uploads/BrEaST-Lesions-USG-clinical-data-Dec-15-2023.xlsx,breast_clinical.xlsx,100,paired_mask_inherits_source_image_spacing,medium,70,"{""modality"":""US"",""pixel_spacing_mm"":[0.078125,0.078125],""pixel_spacing_source_unit"":""cm""}"
Collection,Breast-Lesions-USG,41273,100,case100.png,normalized,supporting_spreadsheet,https://www.cancerimagingarchive.net/wp-content/uploads/BrEaST-Lesions-USG-clinical-data-Dec-15-2023.xlsx,breast_clinical.xlsx,101,image_filename_exact_match,high,100,"{""modality"":""US"",""pixel_spacing_mm"":[0.078125,0.078125],""pixel_spacing_source_unit"":""cm""}"
Collection,Breast-Lesions-USG,41273,100,case100_tumor.png,inferred,supporting_spreadsheet,https://www.cancerimagingarchive.net/wp-content/uploads/BrEaST-Lesions-USG-clinical-data-Dec-15-2023.xlsx,breast_clinical.xlsx,101,paired_mask_inherits_source_image_spacing,medium,70,"{""modality"":""US"",""pixel_spacing_mm"":[0.078125,0.078125],""pixel_spacing_source_unit"":""cm""}"
Collection,Breast-Lesions-USG,41273,101,case101.png,normalized,supporting_spreadsheet,https://www.cancerimagingarchive.net/wp-content/uploads/BrEaST-Lesions-USG-clinical-data-Dec-15-2023.xlsx,breast_clinical.xlsx,102,image_filename_exact_match,high,100,"{""modality"":""US"",""pixel_spacing_mm"":[0.078125,0.078125],""pixel_spacing_source_unit"":""cm""}"
Collection,Breast-Lesions-USG,41273,101,case101_tumor.png,inferred,supporting_spreadsheet,https://www.cancerimagingarchive.net/wp-content/uploads/BrEaST-Lesions-USG-clinical-data-Dec-15-2023.xlsx,breast_clinical.xlsx,102,paired_mask_inherits_source_image_spacing,medium,70,"{""modality"":""US"",""pixel_spacing_mm"":[0.078125,0.078125],""pixel_spacing_source_unit"":""cm""}"
Collection,Breast-Lesions-USG,41273,102,case102.png,normalized,supporting_spreadsheet,https://www.cancerimagingarchive.net/wp-content/uploads/BrEaST-Lesions-USG-clinical-data-Dec-15-2023.xlsx,breast_clinical.xlsx,103,image_filename_exact_match,high,100,"{""modality"":""US"",""pixel_spacing_mm"":[0.10779999999999999,0.10779999999999999],""pixel_spacing_source_unit"":""cm""}"
Collection,Breast-Lesions-USG,41273,102,case102_tumor.png,inferred,supporting_spreadsheet,https://www.cancerimagingarchive.net/wp-content/uploads/BrEaST-Lesions-USG-clinical-data-Dec-15-2023.xlsx,breast_clinical.xlsx,103,paired_mask_inherits_source_image_spacing,medium,70,"{""modality"":""US"",""pixel_spacing_mm"":[0.10779999999999999,0.10779999999999999],""pixel_spacing_source_unit"":""cm""}"
Collection,Breast-Lesions-USG,41273,103,case103.png,normalized,supporting_spreadsheet,https://www.cancerimagingarchive.net/wp-content/uploads/BrEaST-Lesions-USG-clinical-data-Dec-15-2023.xlsx,breast_clinical.xlsx,104,image_filename_exact_match,high,100,"{""modality"":""US"",""pixel_spacing_mm"":[0.078125,0.078125],""pixel_spacing_source_unit"":""cm""}"
Collection,Breast-Lesions-USG,41273,103,case103_tumor.png,inferred,supporting_spreadsheet,https://www.cancerimagingarchive.net/wp-content/uploads/BrEaST-Lesions-USG-clinical-data-Dec-15-2023.xlsx,breast_clinical.xlsx,104,paired_mask_inherits_source_image_spacing,medium,70,"{""modality"":""US"",""pixel_spacing_mm"":[0.078125,0.078125],""pixel_spacing_source_unit"":""cm""}"
Collection,Breast-Lesions-USG,41273,104,case104.png,normalized,supporting_spreadsheet,https://www.cancerimagingarchive.net/wp-content/uploads/BrEaST-Lesions-USG-clinical-data-Dec-15-2023.xlsx,breast_clinical.xlsx,105,image_filename_exact_match,high,100,"{""modality"":""US"",""pixel_spacing_mm"":[0.078125,0.078125],""pixel_spacing_source_unit"":""cm""}"
Collection,Breast-Lesions-USG,41273,104,case104_tumor.png,inferred,supporting_spreadsheet,https://www.cancerimagingarchive.net/wp-content/uploads/BrEaST-Lesions-USG-clinical-data-Dec-15-2023.xlsx,breast_clinical.xlsx,105,paired_mask_inherits_source_image_spacing,medium,70,"{""modality"":""US"",""pixel_spacing_mm"":[0.078125,0.078125],""pixel_spacing_source_unit"":""cm""}"
Collection,Breast-Lesions-USG,41273,105,case105.png,normalized,supporting_spreadsheet,https://www.cancerimagingarchive.net/wp-content/uploads/BrEaST-Lesions-USG-clinical-data-Dec-15-2023.xlsx,breast_clinical.xlsx,106,image_filename_exact_match,high,100,"{""modality"":""US"",""pixel_spacing_mm"":[0.078125,0.078125],""pixel_spacing_source_unit"":""cm""}"
Collection,Breast-Lesions-USG,41273,105,case105_tumor.png,inferred,supporting_spreadsheet,https://www.cancerimagingarchive.net/wp-content/uploads/BrEaST-Lesions-USG-clinical-data-Dec-15-2023.xlsx,breast_clinical.xlsx,106,paired_mask_inherits_source_image_spacing,medium,70,"{""modality"":""US"",""pixel_spacing_mm"":[0.078125,0.078125],""pixel_spacing_source_unit"":""cm""}"
Collection,Breast-Lesions-USG,41273,106,case106.png,normalized,supporting_spreadsheet,https://www.cancerimagingarchive.net/wp-content/uploads/BrEaST-Lesions-USG-clinical-data-Dec-15-2023.xlsx,breast_clinical.xlsx,107,image_filename_exact_match,high,100,"{""modality"":""US"",""pixel_spacing_mm"":[0.078125,0.078125],""pixel_spacing_source_unit"":""cm""}"
Collection,Breast-Lesions-USG,41273,106,case106_tumor.png,inferred,supporting_spreadsheet,https://www.cancerimagingarchive.net/wp-content/uploads/BrEaST-Lesions-USG-clinical-data-Dec-15-2023.xlsx,breast_clinical.xlsx,107,paired_mask_inherits_source_image_spacing,medium,70,"{""modality"":""US"",""pixel_spacing_mm"":[0.078125,0.078125],""pixel_spacing_source_unit"":""cm""}"
Collection,Breast-Lesions-USG,41273,107,case107.png,normalized,supporting_spreadsheet,https://www.cancerimagingarchive.net/wp-content/uploads/BrEaST-Lesions-USG-clinical-data-Dec-15-2023.xlsx,breast_clinical.xlsx,108,image_filename_exact_match,high,100,"{""modality"":""US"",""pixel_spacing_mm"":[0.10779999999999999,0.10779999999999999],""pixel_spacing_source_unit"":""cm""}"
Collection,Breast-Lesions-USG,41273,107,case107_tumor.png,inferred,supporting_spreadsheet,https://www.cancerimagingarchive.net/wp-content/uploads/BrEaST-Lesions-USG-clinical-data-Dec-15-2023.xlsx,breast_clinical.xlsx,108,paired_mask_inherits_source_image_spacing,medium,70,"{""modality"":""US"",""pixel_spacing_mm"":[0.10779999999999999,0.10779999999999999],""pixel_spacing_source_unit"":""cm""}"
Collection,Breast-Lesions-USG,41273,108,case108.png,normalized,supporting_spreadsheet,https://www.cancerimagingarchive.net/wp-content/uploads/BrEaST-Lesions-USG-clinical-data-Dec-15-2023.xlsx,breast_clinical.xlsx,109,image_filename_exact_match,high,100,"{""modality"":""US"",""pixel_spacing_mm"":[0.05208333,0.05208333],""pixel_spacing_source_unit"":""cm""}"
Collection,Breast-Lesions-USG,41273,108,case108_tumor.png,inferred,supporting_spreadsheet,https://www.cancerimagingarchive.net/wp-content/uploads/BrEaST-Lesions-USG-clinical-data-Dec-15-2023.xlsx,breast_clinical.xlsx,109,paired_mask_inherits_source_image_spacing,medium,70,"{""modality"":""US"",""pixel_spacing_mm"":[0.05208333,0.05208333],""pixel_spacing_source_unit"":""cm""}"
Collection,Breast-Lesions-USG,41273,109,case109.png,normalized,supporting_spreadsheet,https://www.cancerimagingarchive.net/wp-content/uploads/BrEaST-Lesions-USG-clinical-data-Dec-15-2023.xlsx,breast_clinical.xlsx,110,image_filename_exact_match,high,100,"{""modality"":""US"",""pixel_spacing_mm"":[0.078125,0.078125],""pixel_spacing_source_unit"":""cm""}"
Collection,Breast-Lesions-USG,41273,109,case109_tumor.png,inferred,supporting_spreadsheet,https://www.cancerimagingarchive.net/wp-content/uploads/BrEaST-Lesions-USG-clinical-data-Dec-15-2023.xlsx,breast_clinical.xlsx,110,paired_mask_inherits_source_image_spacing,medium,70,"{""modality"":""US"",""pixel_spacing_mm"":[0.078125,0.078125],""pixel_spacing_source_unit"":""cm""}"
Collection,Breast-Lesions-USG,41273,110,case110.png,normalized,supporting_spreadsheet,https://www.cancerimagingarchive.net/wp-content/uploads/BrEaST-Lesions-USG-clinical-data-Dec-15-2023.xlsx,breast_clinical.xlsx,111,image_filename_exact_match,high,100,"{""modality"":""US"",""pixel_spacing_mm"":[0.078125,0.078125],""pixel_spacing_source_unit"":""cm""}"
Collection,Breast-Lesions-USG,41273,110,case110_tumor.png,inferred,supporting_spreadsheet,https://www.cancerimagingarchive.net/wp-content/uploads/BrEaST-Lesions-USG-clinical-data-Dec-15-2023.xlsx,breast_clinical.xlsx,111,paired_mask_inherits_source_image_spacing,medium,70,"{""modality"":""US"",""pixel_spacing_mm"":[0.078125,0.078125],""pixel_spacing_source_unit"":""cm""}"
Collection,Breast-Lesions-USG,41273,111,case111.png,normalized,supporting_spreadsheet,https://www.cancerimagingarchive.net/wp-content/uploads/BrEaST-Lesions-USG-clinical-data-Dec-15-2023.xlsx,breast_clinical.xlsx,112,image_filename_exact_match,high,100,"{""modality"":""US"",""pixel_spacing_mm"":[0.078125,0.078125],""pixel_spacing_source_unit"":""cm""}"
Collection,Breast-Lesions-USG,41273,111,case111_tumor.png,inferred,supporting_spreadsheet,https://www.cancerimagingarchive.net/wp-content/uploads/BrEaST-Lesions-USG-clinical-data-Dec-15-2023.xlsx,breast_clinical.xlsx,112,paired_mask_inherits_source_image_spacing,medium,70,"{""modality"":""US"",""pixel_spacing_mm"":[0.078125,0.078125],""pixel_spacing_source_unit"":""cm""}"
Collection,Breast-Lesions-USG,41273,112,case112.png,normalized,supporting_spreadsheet,https://www.cancerimagingarchive.net/wp-content/uploads/BrEaST-Lesions-USG-clinical-data-Dec-15-2023.xlsx,breast_clinical.xlsx,113,image_filename_exact_match,high,100,"{""modality"":""US"",""pixel_spacing_mm"":[0.078125,0.078125],""pixel_spacing_source_unit"":""cm""}"
Collection,Breast-Lesions-USG,41273,112,case112_tumor.png,inferred,supporting_spreadsheet,https://www.cancerimagingarchive.net/wp-content/uploads/BrEaST-Lesions-USG-clinical-data-Dec-15-2023.xlsx,breast_clinical.xlsx,113,paired_mask_inherits_source_image_spacing,medium,70,"{""modality"":""US"",""pixel_spacing_mm"":[0.078125,0.078125],""pixel_spacing_source_unit"":""cm""}"
Collection,Breast-Lesions-USG,41273,113,case113.png,normalized,supporting_spreadsheet,https://www.cancerimagingarchive.net/wp-content/uploads/BrEaST-Lesions-USG-clinical-data-Dec-15-2023.xlsx,breast_clinical.xlsx,114,image_filename_exact_match,high,100,"{""modality"":""US"",""pixel_spacing_mm"":[0.0726979,0.0726979],""pixel_spacing_source_unit"":""cm""}"
Collection,Breast-Lesions-USG,41273,113,case113_tumor.png,inferred,supporting_spreadsheet,https://www.cancerimagingarchive.net/wp-content/uploads/BrEaST-Lesions-USG-clinical-data-Dec-15-2023.xlsx,breast_clinical.xlsx,114,paired_mask_inherits_source_image_spacing,medium,70,"{""modality"":""US"",""pixel_spacing_mm"":[0.0726979,0.0726979],""pixel_spacing_source_unit"":""cm""}"
Collection,Breast-Lesions-USG,41273,114,case114.png,normalized,supporting_spreadsheet,https://www.cancerimagingarchive.net/wp-content/uploads/BrEaST-Lesions-USG-clinical-data-Dec-15-2023.xlsx,breast_clinical.xlsx,115,image_filename_exact_match,high,100,"{""modality"":""US"",""pixel_spacing_mm"":[0.078125,0.078125],""pixel_spacing_source_unit"":""cm""}"
Collection,Breast-Lesions-USG,41273,114,case114_tumor.png,inferred,supporting_spreadsheet,https://www.cancerimagingarchive.net/wp-content/uploads/BrEaST-Lesions-USG-clinical-data-Dec-15-2023.xlsx,breast_clinical.xlsx,115,paired_mask_inherits_source_image_spacing,medium,70,"{""modality"":""US"",""pixel_spacing_mm"":[0.078125,0.078125],""pixel_spacing_source_unit"":""cm""}"
Collection,Breast-Lesions-USG,41273,115,case115.png,normalized,supporting_spreadsheet,https://www.cancerimagingarchive.net/wp-content/uploads/BrEaST-Lesions-USG-clinical-data-Dec-15-2023.xlsx,breast_clinical.xlsx,116,image_filename_exact_match,high,100,"{""modality"":""US"",""pixel_spacing_mm"":[0.07525084,0.07525084],""pixel_spacing_source_unit"":""cm""}"
Collection,Breast-Lesions-USG,41273,115,case115_tumor.png,inferred,supporting_spreadsheet,https://www.cancerimagingarchive.net/wp-content/uploads/BrEaST-Lesions-USG-clinical-data-Dec-15-2023.xlsx,breast_clinical.xlsx,116,paired_mask_inherits_source_image_spacing,medium,70,"{""modality"":""US"",""pixel_spacing_mm"":[0.07525084,0.07525084],""pixel_spacing_source_unit"":""cm""}"
Collection,Breast-Lesions-USG,41273,116,case116.png,normalized,supporting_spreadsheet,https://www.cancerimagingarchive.net/wp-content/uploads/BrEaST-Lesions-USG-clinical-data-Dec-15-2023.xlsx,breast_clinical.xlsx,117,image_filename_exact_match,high,100,"{""modality"":""US"",""pixel_spacing_mm"":[0.06076389,0.06076389],""pixel_spacing_source_unit"":""cm""}"
Collection,Breast-Lesions-USG,41273,116,case116_tumor.png,inferred,supporting_spreadsheet,https://www.cancerimagingarchive.net/wp-content/uploads/BrEaST-Lesions-USG-clinical-data-Dec-15-2023.xlsx,breast_clinical.xlsx,117,paired_mask_inherits_source_image_spacing,medium,70,"{""modality"":""US"",""pixel_spacing_mm"":[0.06076389,0.06076389],""pixel_spacing_source_unit"":""cm""}"
Collection,Breast-Lesions-USG,41273,117,case117.png,normalized,supporting_spreadsheet,https://www.cancerimagingarchive.net/wp-content/uploads/BrEaST-Lesions-USG-clinical-data-Dec-15-2023.xlsx,breast_clinical.xlsx,118,image_filename_exact_match,high,100,"{""modality"":""US"",""pixel_spacing_mm"":[0.078125,0.078125],""pixel_spacing_source_unit"":""cm""}"
Collection,Breast-Lesions-USG,41273,117,case117_tumor.png,inferred,supporting_spreadsheet,https://www.cancerimagingarchive.net/wp-content/uploads/BrEaST-Lesions-USG-clinical-data-Dec-15-2023.xlsx,breast_clinical.xlsx,118,paired_mask_inherits_source_image_spacing,medium,70,"{""modality"":""US"",""pixel_spacing_mm"":[0.078125,0.078125],""pixel_spacing_source_unit"":""cm""}"
Collection,Breast-Lesions-USG,41273,118,case118.png,normalized,supporting_spreadsheet,https://www.cancerimagingarchive.net/wp-content/uploads/BrEaST-Lesions-USG-clinical-data-Dec-15-2023.xlsx,breast_clinical.xlsx,119,image_filename_exact_match,high,100,"{""modality"":""US"",""pixel_spacing_mm"":[0.078125,0.078125],""pixel_spacing_source_unit"":""cm""}"
Collection,Breast-Lesions-USG,41273,118,case118_tumor.png,inferred,supporting_spreadsheet,https://www.cancerimagingarchive.net/wp-content/uploads/BrEaST-Lesions-USG-clinical-data-Dec-15-2023.xlsx,breast_clinical.xlsx,119,paired_mask_inherits_source_image_spacing,medium,70,"{""modality"":""US"",""pixel_spacing_mm"":[0.078125,0.078125],""pixel_spacing_source_unit"":""cm""}"
Collection,Breast-Lesions-USG,41273,119,case119.png,normalized,supporting_spreadsheet,https://www.cancerimagingarchive.net/wp-content/uploads/BrEaST-Lesions-USG-clinical-data-Dec-15-2023.xlsx,breast_clinical.xlsx,120,image_filename_exact_match,high,100,"{""modality"":""US"",""pixel_spacing_mm"":[0.06076389,0.06076389],""pixel_spacing_source_unit"":""cm""}"
Collection,Breast-Lesions-USG,41273,119,case119_tumor.png,inferred,supporting_spreadsheet,https://www.cancerimagingarchive.net/wp-content/uploads/BrEaST-Lesions-USG-clinical-data-Dec-15-2023.xlsx,breast_clinical.xlsx,120,paired_mask_inherits_source_image_spacing,medium,70,"{""modality"":""US"",""pixel_spacing_mm"":[0.06076389,0.06076389],""pixel_spacing_source_unit"":""cm""}"
Collection,Breast-Lesions-USG,41273,120,case120.png,normalized,supporting_spreadsheet,https://www.cancerimagingarchive.net/wp-content/uploads/BrEaST-Lesions-USG-clinical-data-Dec-15-2023.xlsx,breast_clinical.xlsx,121,image_filename_exact_match,high,100,"{""modality"":""US"",""pixel_spacing_mm"":[0.06076389,0.06076389],""pixel_spacing_source_unit"":""cm""}"
Collection,Breast-Lesions-USG,41273,120,case120_tumor.png,inferred,supporting_spreadsheet,https://www.cancerimagingarchive.net/wp-content/uploads/BrEaST-Lesions-USG-clinical-data-Dec-15-2023.xlsx,breast_clinical.xlsx,121,paired_mask_inherits_source_image_spacing,medium,70,"{""modality"":""US"",""pixel_spacing_mm"":[0.06076389,0.06076389],""pixel_spacing_source_unit"":""cm""}"
Collection,Breast-Lesions-USG,41273,121,case121.png,normalized,supporting_spreadsheet,https://www.cancerimagingarchive.net/wp-content/uploads/BrEaST-Lesions-USG-clinical-data-Dec-15-2023.xlsx,breast_clinical.xlsx,122,image_filename_exact_match,high,100,"{""modality"":""US"",""pixel_spacing_mm"":[0.078125,0.078125],""pixel_spacing_source_unit"":""cm""}"
Collection,Breast-Lesions-USG,41273,121,case121_tumor.png,inferred,supporting_spreadsheet,https://www.cancerimagingarchive.net/wp-content/uploads/BrEaST-Lesions-USG-clinical-data-Dec-15-2023.xlsx,breast_clinical.xlsx,122,paired_mask_inherits_source_image_spacing,medium,70,"{""modality"":""US"",""pixel_spacing_mm"":[0.078125,0.078125],""pixel_spacing_source_unit"":""cm""}"
Collection,Breast-Lesions-USG,41273,122,case122.png,normalized,supporting_spreadsheet,https://www.cancerimagingarchive.net/wp-content/uploads/BrEaST-Lesions-USG-clinical-data-Dec-15-2023.xlsx,breast_clinical.xlsx,123,image_filename_exact_match,high,100,"{""modality"":""US"",""pixel_spacing_mm"":[0.078125,0.078125],""pixel_spacing_source_unit"":""cm""}"
Collection,Breast-Lesions-USG,41273,122,case122_tumor.png,inferred,supporting_spreadsheet,https://www.cancerimagingarchive.net/wp-content/uploads/BrEaST-Lesions-USG-clinical-data-Dec-15-2023.xlsx,breast_clinical.xlsx,123,paired_mask_inherits_source_image_spacing,medium,70,"{""modality"":""US"",""pixel_spacing_mm"":[0.078125,0.078125],""pixel_spacing_source_unit"":""cm""}"
Collection,Breast-Lesions-USG,41273,123,case123.png,normalized,supporting_spreadsheet,https://www.cancerimagingarchive.net/wp-content/uploads/BrEaST-Lesions-USG-clinical-data-Dec-15-2023.xlsx,breast_clinical.xlsx,124,image_filename_exact_match,high,100,"{""modality"":""US"",""pixel_spacing_mm"":[0.05081301,0.05081301],""pixel_spacing_source_unit"":""cm""}"
Collection,Breast-Lesions-USG,41273,123,case123_tumor.png,inferred,supporting_spreadsheet,https://www.cancerimagingarchive.net/wp-content/uploads/BrEaST-Lesions-USG-clinical-data-Dec-15-2023.xlsx,breast_clinical.xlsx,124,paired_mask_inherits_source_image_spacing,medium,70,"{""modality"":""US"",""pixel_spacing_mm"":[0.05081301,0.05081301],""pixel_spacing_source_unit"":""cm""}"
Collection,Breast-Lesions-USG,41273,124,case124.png,normalized,supporting_spreadsheet,https://www.cancerimagingarchive.net/wp-content/uploads/BrEaST-Lesions-USG-clinical-data-Dec-15-2023.xlsx,breast_clinical.xlsx,125,image_filename_exact_match,high,100,"{""modality"":""US"",""pixel_spacing_mm"":[0.05208333,0.05208333],""pixel_spacing_source_unit"":""cm""}"
Collection,Breast-Lesions-USG,41273,124,case124_tumor.png,inferred,supporting_spreadsheet,https://www.cancerimagingarchive.net/wp-content/uploads/BrEaST-Lesions-USG-clinical-data-Dec-15-2023.xlsx,breast_clinical.xlsx,125,paired_mask_inherits_source_image_spacing,medium,70,"{""modality"":""US"",""pixel_spacing_mm"":[0.05208333,0.05208333],""pixel_spacing_source_unit"":""cm""}"
Collection,Breast-Lesions-USG,41273,125,case125.png,normalized,supporting_spreadsheet,https://www.cancerimagingarchive.net/wp-content/uploads/BrEaST-Lesions-USG-clinical-data-Dec-15-2023.xlsx,breast_clinical.xlsx,126,image_filename_exact_match,high,100,"{""modality"":""US"",""pixel_spacing_mm"":[0.078125,0.078125],""pixel_spacing_source_unit"":""cm""}"
Collection,Breast-Lesions-USG,41273,125,case125_tumor.png,inferred,supporting_spreadsheet,https://www.cancerimagingarchive.net/wp-content/uploads/BrEaST-Lesions-USG-clinical-data-Dec-15-2023.xlsx,breast_clinical.xlsx,126,paired_mask_inherits_source_image_spacing,medium,70,"{""modality"":""US"",""pixel_spacing_mm"":[0.078125,0.078125],""pixel_spacing_source_unit"":""cm""}"
Collection,Breast-Lesions-USG,41273,126,case126.png,normalized,supporting_spreadsheet,https://www.cancerimagingarchive.net/wp-content/uploads/BrEaST-Lesions-USG-clinical-data-Dec-15-2023.xlsx,breast_clinical.xlsx,127,image_filename_exact_match,high,100,"{""modality"":""US"",""pixel_spacing_mm"":[0.10779999999999999,0.10779999999999999],""pixel_spacing_source_unit"":""cm""}"
Collection,Breast-Lesions-USG,41273,126,case126_tumor.png,inferred,supporting_spreadsheet,https://www.cancerimagingarchive.net/wp-content/uploads/BrEaST-Lesions-USG-clinical-data-Dec-15-2023.xlsx,breast_clinical.xlsx,127,paired_mask_inherits_source_image_spacing,medium,70,"{""modality"":""US"",""pixel_spacing_mm"":[0.10779999999999999,0.10779999999999999],""pixel_spacing_source_unit"":""cm""}"
Collection,Breast-Lesions-USG,41273,127,case127.png,normalized,supporting_spreadsheet,https://www.cancerimagingarchive.net/wp-content/uploads/BrEaST-Lesions-USG-clinical-data-Dec-15-2023.xlsx,breast_clinical.xlsx,128,image_filename_exact_match,high,100,"{""modality"":""US"",""pixel_spacing_mm"":[0.06076389,0.06076389],""pixel_spacing_source_unit"":""cm""}"
Collection,Breast-Lesions-USG,41273,127,case127_tumor.png,inferred,supporting_spreadsheet,https://www.cancerimagingarchive.net/wp-content/uploads/BrEaST-Lesions-USG-clinical-data-Dec-15-2023.xlsx,breast_clinical.xlsx,128,paired_mask_inherits_source_image_spacing,medium,70,"{""modality"":""US"",""pixel_spacing_mm"":[0.06076389,0.06076389],""pixel_spacing_source_unit"":""cm""}"
Collection,Breast-Lesions-USG,41273,128,case128.png,normalized,supporting_spreadsheet,https://www.cancerimagingarchive.net/wp-content/uploads/BrEaST-Lesions-USG-clinical-data-Dec-15-2023.xlsx,breast_clinical.xlsx,129,image_filename_exact_match,high,100,"{""modality"":""US"",""pixel_spacing_mm"":[0.0924,0.0924],""pixel_spacing_source_unit"":""cm""}"
Collection,Breast-Lesions-USG,41273,128,case128_tumor.png,inferred,supporting_spreadsheet,https://www.cancerimagingarchive.net/wp-content/uploads/BrEaST-Lesions-USG-clinical-data-Dec-15-2023.xlsx,breast_clinical.xlsx,129,paired_mask_inherits_source_image_spacing,medium,70,"{""modality"":""US"",""pixel_spacing_mm"":[0.0924,0.0924],""pixel_spacing_source_unit"":""cm""}"
Collection,Breast-Lesions-USG,41273,129,case129.png,normalized,supporting_spreadsheet,https://www.cancerimagingarchive.net/wp-content/uploads/BrEaST-Lesions-USG-clinical-data-Dec-15-2023.xlsx,breast_clinical.xlsx,130,image_filename_exact_match,high,100,"{""modality"":""US"",""pixel_spacing_mm"":[0.078125,0.078125],""pixel_spacing_source_unit"":""cm""}"
Collection,Breast-Lesions-USG,41273,129,case129_tumor.png,inferred,supporting_spreadsheet,https://www.cancerimagingarchive.net/wp-content/uploads/BrEaST-Lesions-USG-clinical-data-Dec-15-2023.xlsx,breast_clinical.xlsx,130,paired_mask_inherits_source_image_spacing,medium,70,"{""modality"":""US"",""pixel_spacing_mm"":[0.078125,0.078125],""pixel_spacing_source_unit"":""cm""}"
Collection,Breast-Lesions-USG,41273,130,case130.png,normalized,supporting_spreadsheet,https://www.cancerimagingarchive.net/wp-content/uploads/BrEaST-Lesions-USG-clinical-data-Dec-15-2023.xlsx,breast_clinical.xlsx,131,image_filename_exact_match,high,100,"{""modality"":""US"",""pixel_spacing_mm"":[0.078125,0.078125],""pixel_spacing_source_unit"":""cm""}"
Collection,Breast-Lesions-USG,41273,130,case130_tumor.png,inferred,supporting_spreadsheet,https://www.cancerimagingarchive.net/wp-content/uploads/BrEaST-Lesions-USG-clinical-data-Dec-15-2023.xlsx,breast_clinical.xlsx,131,paired_mask_inherits_source_image_spacing,medium,70,"{""modality"":""US"",""pixel_spacing_mm"":[0.078125,0.078125],""pixel_spacing_source_unit"":""cm""}"
Collection,Breast-Lesions-USG,41273,131,case131.png,normalized,supporting_spreadsheet,https://www.cancerimagingarchive.net/wp-content/uploads/BrEaST-Lesions-USG-clinical-data-Dec-15-2023.xlsx,breast_clinical.xlsx,132,image_filename_exact_match,high,100,"{""modality"":""US"",""pixel_spacing_mm"":[0.05902192,0.05902192],""pixel_spacing_source_unit"":""cm""}"
Collection,Breast-Lesions-USG,41273,131,case131_tumor.png,inferred,supporting_spreadsheet,https://www.cancerimagingarchive.net/wp-content/uploads/BrEaST-Lesions-USG-clinical-data-Dec-15-2023.xlsx,breast_clinical.xlsx,132,paired_mask_inherits_source_image_spacing,medium,70,"{""modality"":""US"",""pixel_spacing_mm"":[0.05902192,0.05902192],""pixel_spacing_source_unit"":""cm""}"
Collection,Breast-Lesions-USG,41273,132,case132.png,normalized,supporting_spreadsheet,https://www.cancerimagingarchive.net/wp-content/uploads/BrEaST-Lesions-USG-clinical-data-Dec-15-2023.xlsx,breast_clinical.xlsx,133,image_filename_exact_match,high,100,"{""modality"":""US"",""pixel_spacing_mm"":[0.06944444,0.06944444],""pixel_spacing_source_unit"":""cm""}"
Collection,Breast-Lesions-USG,41273,132,case132_tumor.png,inferred,supporting_spreadsheet,https://www.cancerimagingarchive.net/wp-content/uploads/BrEaST-Lesions-USG-clinical-data-Dec-15-2023.xlsx,breast_clinical.xlsx,133,paired_mask_inherits_source_image_spacing,medium,70,"{""modality"":""US"",""pixel_spacing_mm"":[0.06944444,0.06944444],""pixel_spacing_source_unit"":""cm""}"
Collection,Breast-Lesions-USG,41273,133,case133.png,normalized,supporting_spreadsheet,https://www.cancerimagingarchive.net/wp-content/uploads/BrEaST-Lesions-USG-clinical-data-Dec-15-2023.xlsx,breast_clinical.xlsx,134,image_filename_exact_match,high,100,"{""modality"":""US"",""pixel_spacing_mm"":[0.08680556,0.08680556],""pixel_spacing_source_unit"":""cm""}"
Collection,Breast-Lesions-USG,41273,133,case133_tumor.png,inferred,supporting_spreadsheet,https://www.cancerimagingarchive.net/wp-content/uploads/BrEaST-Lesions-USG-clinical-data-Dec-15-2023.xlsx,breast_clinical.xlsx,134,paired_mask_inherits_source_image_spacing,medium,70,"{""modality"":""US"",""pixel_spacing_mm"":[0.08680556,0.08680556],""pixel_spacing_source_unit"":""cm""}"
Collection,Breast-Lesions-USG,41273,134,case134.png,normalized,supporting_spreadsheet,https://www.cancerimagingarchive.net/wp-content/uploads/BrEaST-Lesions-USG-clinical-data-Dec-15-2023.xlsx,breast_clinical.xlsx,135,image_filename_exact_match,high,100,"{""modality"":""US"",""pixel_spacing_mm"":[0.05902192,0.05902192],""pixel_spacing_source_unit"":""cm""}"
Collection,Breast-Lesions-USG,41273,134,case134_tumor.png,inferred,supporting_spreadsheet,https://www.cancerimagingarchive.net/wp-content/uploads/BrEaST-Lesions-USG-clinical-data-Dec-15-2023.xlsx,breast_clinical.xlsx,135,paired_mask_inherits_source_image_spacing,medium,70,"{""modality"":""US"",""pixel_spacing_mm"":[0.05902192,0.05902192],""pixel_spacing_source_unit"":""cm""}"
Collection,Breast-Lesions-USG,41273,135,case135.png,normalized,supporting_spreadsheet,https://www.cancerimagingarchive.net/wp-content/uploads/BrEaST-Lesions-USG-clinical-data-Dec-15-2023.xlsx,breast_clinical.xlsx,136,image_filename_exact_match,high,100,"{""modality"":""US"",""pixel_spacing_mm"":[0.10779999999999999,0.10779999999999999],""pixel_spacing_source_unit"":""cm""}"
Collection,Breast-Lesions-USG,41273,135,case135_tumor.png,inferred,supporting_spreadsheet,https://www.cancerimagingarchive.net/wp-content/uploads/BrEaST-Lesions-USG-clinical-data-Dec-15-2023.xlsx,breast_clinical.xlsx,136,paired_mask_inherits_source_image_spacing,medium,70,"{""modality"":""US"",""pixel_spacing_mm"":[0.10779999999999999,0.10779999999999999],""pixel_spacing_source_unit"":""cm""}"
Collection,Breast-Lesions-USG,41273,136,case136.png,normalized,supporting_spreadsheet,https://www.cancerimagingarchive.net/wp-content/uploads/BrEaST-Lesions-USG-clinical-data-Dec-15-2023.xlsx,breast_clinical.xlsx,137,image_filename_exact_match,high,100,"{""modality"":""US"",""pixel_spacing_mm"":[0.06688963,0.06688963],""pixel_spacing_source_unit"":""cm""}"
Collection,Breast-Lesions-USG,41273,136,case136_tumor.png,inferred,supporting_spreadsheet,https://www.cancerimagingarchive.net/wp-content/uploads/BrEaST-Lesions-USG-clinical-data-Dec-15-2023.xlsx,breast_clinical.xlsx,137,paired_mask_inherits_source_image_spacing,medium,70,"{""modality"":""US"",""pixel_spacing_mm"":[0.06688963,0.06688963],""pixel_spacing_source_unit"":""cm""}"
Collection,Breast-Lesions-USG,41273,137,case137.png,normalized,supporting_spreadsheet,https://www.cancerimagingarchive.net/wp-content/uploads/BrEaST-Lesions-USG-clinical-data-Dec-15-2023.xlsx,breast_clinical.xlsx,138,image_filename_exact_match,high,100,"{""modality"":""US"",""pixel_spacing_mm"":[0.06076389,0.06076389],""pixel_spacing_source_unit"":""cm""}"
Collection,Breast-Lesions-USG,41273,137,case137_tumor.png,inferred,supporting_spreadsheet,https://www.cancerimagingarchive.net/wp-content/uploads/BrEaST-Lesions-USG-clinical-data-Dec-15-2023.xlsx,breast_clinical.xlsx,138,paired_mask_inherits_source_image_spacing,medium,70,"{""modality"":""US"",""pixel_spacing_mm"":[0.06076389,0.06076389],""pixel_spacing_source_unit"":""cm""}"
Collection,Breast-Lesions-USG,41273,138,case138.png,normalized,supporting_spreadsheet,https://www.cancerimagingarchive.net/wp-content/uploads/BrEaST-Lesions-USG-clinical-data-Dec-15-2023.xlsx,breast_clinical.xlsx,139,image_filename_exact_match,high,100,"{""modality"":""US"",""pixel_spacing_mm"":[0.078125,0.078125],""pixel_spacing_source_unit"":""cm""}"
Collection,Breast-Lesions-USG,41273,138,case138_tumor.png,inferred,supporting_spreadsheet,https://www.cancerimagingarchive.net/wp-content/uploads/BrEaST-Lesions-USG-clinical-data-Dec-15-2023.xlsx,breast_clinical.xlsx,139,paired_mask_inherits_source_image_spacing,medium,70,"{""modality"":""US"",""pixel_spacing_mm"":[0.078125,0.078125],""pixel_spacing_source_unit"":""cm""}"
Collection,Breast-Lesions-USG,41273,139,case139.png,normalized,supporting_spreadsheet,https://www.cancerimagingarchive.net/wp-content/uploads/BrEaST-Lesions-USG-clinical-data-Dec-15-2023.xlsx,breast_clinical.xlsx,140,image_filename_exact_match,high,100,"{""modality"":""US"",""pixel_spacing_mm"":[0.06944444,0.06944444],""pixel_spacing_source_unit"":""cm""}"
Collection,Breast-Lesions-USG,41273,139,case139_tumor.png,inferred,supporting_spreadsheet,https://www.cancerimagingarchive.net/wp-content/uploads/BrEaST-Lesions-USG-clinical-data-Dec-15-2023.xlsx,breast_clinical.xlsx,140,paired_mask_inherits_source_image_spacing,medium,70,"{""modality"":""US"",""pixel_spacing_mm"":[0.06944444,0.06944444],""pixel_spacing_source_unit"":""cm""}"
Collection,Breast-Lesions-USG,41273,140,case140.png,normalized,supporting_spreadsheet,https://www.cancerimagingarchive.net/wp-content/uploads/BrEaST-Lesions-USG-clinical-data-Dec-15-2023.xlsx,breast_clinical.xlsx,141,image_filename_exact_match,high,100,"{""modality"":""US"",""pixel_spacing_mm"":[0.06688963,0.06688963],""pixel_spacing_source_unit"":""cm""}"
Collection,Breast-Lesions-USG,41273,140,case140_tumor.png,inferred,supporting_spreadsheet,https://www.cancerimagingarchive.net/wp-content/uploads/BrEaST-Lesions-USG-clinical-data-Dec-15-2023.xlsx,breast_clinical.xlsx,141,paired_mask_inherits_source_image_spacing,medium,70,"{""modality"":""US"",""pixel_spacing_mm"":[0.06688963,0.06688963],""pixel_spacing_source_unit"":""cm""}"
Collection,Breast-Lesions-USG,41273,140,case140_other1.png,inferred,supporting_spreadsheet,https://www.cancerimagingarchive.net/wp-content/uploads/BrEaST-Lesions-USG-clinical-data-Dec-15-2023.xlsx,breast_clinical.xlsx,141,paired_mask_inherits_source_image_spacing,medium,70,"{""modality"":""US"",""pixel_spacing_mm"":[0.06688963,0.06688963],""pixel_spacing_source_unit"":""cm""}"
Collection,Breast-Lesions-USG,41273,140,case140_other2.png,inferred,supporting_spreadsheet,https://www.cancerimagingarchive.net/wp-content/uploads/BrEaST-Lesions-USG-clinical-data-Dec-15-2023.xlsx,breast_clinical.xlsx,141,paired_mask_inherits_source_image_spacing,medium,70,"{""modality"":""US"",""pixel_spacing_mm"":[0.06688963,0.06688963],""pixel_spacing_source_unit"":""cm""}"
Collection,Breast-Lesions-USG,41273,140,case140_other3.png,inferred,supporting_spreadsheet,https://www.cancerimagingarchive.net/wp-content/uploads/BrEaST-Lesions-USG-clinical-data-Dec-15-2023.xlsx,breast_clinical.xlsx,141,paired_mask_inherits_source_image_spacing,medium,70,"{""modality"":""US"",""pixel_spacing_mm"":[0.06688963,0.06688963],""pixel_spacing_source_unit"":""cm""}"
Collection,Breast-Lesions-USG,41273,140,case140_other4.png,inferred,supporting_spreadsheet,https://www.cancerimagingarchive.net/wp-content/uploads/BrEaST-Lesions-USG-clinical-data-Dec-15-2023.xlsx,breast_clinical.xlsx,141,paired_mask_inherits_source_image_spacing,medium,70,"{""modality"":""US"",""pixel_spacing_mm"":[0.06688963,0.06688963],""pixel_spacing_source_unit"":""cm""}"
Collection,Breast-Lesions-USG,41273,141,case141.png,normalized,supporting_spreadsheet,https://www.cancerimagingarchive.net/wp-content/uploads/BrEaST-Lesions-USG-clinical-data-Dec-15-2023.xlsx,breast_clinical.xlsx,142,image_filename_exact_match,high,100,"{""modality"":""US"",""pixel_spacing_mm"":[0.06462036,0.06462036],""pixel_spacing_source_unit"":""cm""}"
Collection,Breast-Lesions-USG,41273,141,case141_tumor.png,inferred,supporting_spreadsheet,https://www.cancerimagingarchive.net/wp-content/uploads/BrEaST-Lesions-USG-clinical-data-Dec-15-2023.xlsx,breast_clinical.xlsx,142,paired_mask_inherits_source_image_spacing,medium,70,"{""modality"":""US"",""pixel_spacing_mm"":[0.06462036,0.06462036],""pixel_spacing_source_unit"":""cm""}"
Collection,Breast-Lesions-USG,41273,142,case142.png,normalized,supporting_spreadsheet,https://www.cancerimagingarchive.net/wp-content/uploads/BrEaST-Lesions-USG-clinical-data-Dec-15-2023.xlsx,breast_clinical.xlsx,143,image_filename_exact_match,high,100,"{""modality"":""US"",""pixel_spacing_mm"":[0.06944444,0.06944444],""pixel_spacing_source_unit"":""cm""}"
Collection,Breast-Lesions-USG,41273,142,case142_tumor.png,inferred,supporting_spreadsheet,https://www.cancerimagingarchive.net/wp-content/uploads/BrEaST-Lesions-USG-clinical-data-Dec-15-2023.xlsx,breast_clinical.xlsx,143,paired_mask_inherits_source_image_spacing,medium,70,"{""modality"":""US"",""pixel_spacing_mm"":[0.06944444,0.06944444],""pixel_spacing_source_unit"":""cm""}"
Collection,Breast-Lesions-USG,41273,143,case143.png,normalized,supporting_spreadsheet,https://www.cancerimagingarchive.net/wp-content/uploads/BrEaST-Lesions-USG-clinical-data-Dec-15-2023.xlsx,breast_clinical.xlsx,144,image_filename_exact_match,high,100,"{""modality"":""US"",""pixel_spacing_mm"":[0.06944444,0.06944444],""pixel_spacing_source_unit"":""cm""}"
Collection,Breast-Lesions-USG,41273,143,case143_tumor.png,inferred,supporting_spreadsheet,https://www.cancerimagingarchive.net/wp-content/uploads/BrEaST-Lesions-USG-clinical-data-Dec-15-2023.xlsx,breast_clinical.xlsx,144,paired_mask_inherits_source_image_spacing,medium,70,"{""modality"":""US"",""pixel_spacing_mm"":[0.06944444,0.06944444],""pixel_spacing_source_unit"":""cm""}"
Collection,Breast-Lesions-USG,41273,144,case144.png,normalized,supporting_spreadsheet,https://www.cancerimagingarchive.net/wp-content/uploads/BrEaST-Lesions-USG-clinical-data-Dec-15-2023.xlsx,breast_clinical.xlsx,145,image_filename_exact_match,high,100,"{""modality"":""US"",""pixel_spacing_mm"":[0.13888889,0.13888889],""pixel_spacing_source_unit"":""cm""}"
Collection,Breast-Lesions-USG,41273,144,case144_tumor.png,inferred,supporting_spreadsheet,https://www.cancerimagingarchive.net/wp-content/uploads/BrEaST-Lesions-USG-clinical-data-Dec-15-2023.xlsx,breast_clinical.xlsx,145,paired_mask_inherits_source_image_spacing,medium,70,"{""modality"":""US"",""pixel_spacing_mm"":[0.13888889,0.13888889],""pixel_spacing_source_unit"":""cm""}"
Collection,Breast-Lesions-USG,41273,145,case145.png,normalized,supporting_spreadsheet,https://www.cancerimagingarchive.net/wp-content/uploads/BrEaST-Lesions-USG-clinical-data-Dec-15-2023.xlsx,breast_clinical.xlsx,146,image_filename_exact_match,high,100,"{""modality"":""US"",""pixel_spacing_mm"":[0.06688963,0.06688963],""pixel_spacing_source_unit"":""cm""}"
Collection,Breast-Lesions-USG,41273,145,case145_tumor.png,inferred,supporting_spreadsheet,https://www.cancerimagingarchive.net/wp-content/uploads/BrEaST-Lesions-USG-clinical-data-Dec-15-2023.xlsx,breast_clinical.xlsx,146,paired_mask_inherits_source_image_spacing,medium,70,"{""modality"":""US"",""pixel_spacing_mm"":[0.06688963,0.06688963],""pixel_spacing_source_unit"":""cm""}"
Collection,Breast-Lesions-USG,41273,146,case146.png,normalized,supporting_spreadsheet,https://www.cancerimagingarchive.net/wp-content/uploads/BrEaST-Lesions-USG-clinical-data-Dec-15-2023.xlsx,breast_clinical.xlsx,147,image_filename_exact_match,high,100,"{""modality"":""US"",""pixel_spacing_mm"":[0.10779999999999999,0.10779999999999999],""pixel_spacing_source_unit"":""cm""}"
Collection,Breast-Lesions-USG,41273,146,case146_tumor.png,inferred,supporting_spreadsheet,https://www.cancerimagingarchive.net/wp-content/uploads/BrEaST-Lesions-USG-clinical-data-Dec-15-2023.xlsx,breast_clinical.xlsx,147,paired_mask_inherits_source_image_spacing,medium,70,"{""modality"":""US"",""pixel_spacing_mm"":[0.10779999999999999,0.10779999999999999],""pixel_spacing_source_unit"":""cm""}"
Collection,Breast-Lesions-USG,41273,147,case147.png,normalized,supporting_spreadsheet,https://www.cancerimagingarchive.net/wp-content/uploads/BrEaST-Lesions-USG-clinical-data-Dec-15-2023.xlsx,breast_clinical.xlsx,148,image_filename_exact_match,high,100,"{""modality"":""US"",""pixel_spacing_mm"":[0.078125,0.078125],""pixel_spacing_source_unit"":""cm""}"
Collection,Breast-Lesions-USG,41273,147,case147_tumor.png,inferred,supporting_spreadsheet,https://www.cancerimagingarchive.net/wp-content/uploads/BrEaST-Lesions-USG-clinical-data-Dec-15-2023.xlsx,breast_clinical.xlsx,148,paired_mask_inherits_source_image_spacing,medium,70,"{""modality"":""US"",""pixel_spacing_mm"":[0.078125,0.078125],""pixel_spacing_source_unit"":""cm""}"
Collection,Breast-Lesions-USG,41273,148,case148.png,normalized,supporting_spreadsheet,https://www.cancerimagingarchive.net/wp-content/uploads/BrEaST-Lesions-USG-clinical-data-Dec-15-2023.xlsx,breast_clinical.xlsx,149,image_filename_exact_match,high,100,"{""modality"":""US"",""pixel_spacing_mm"":[0.10779999999999999,0.10779999999999999],""pixel_spacing_source_unit"":""cm""}"
Collection,Breast-Lesions-USG,41273,148,case148_tumor.png,inferred,supporting_spreadsheet,https://www.cancerimagingarchive.net/wp-content/uploads/BrEaST-Lesions-USG-clinical-data-Dec-15-2023.xlsx,breast_clinical.xlsx,149,paired_mask_inherits_source_image_spacing,medium,70,"{""modality"":""US"",""pixel_spacing_mm"":[0.10779999999999999,0.10779999999999999],""pixel_spacing_source_unit"":""cm""}"
Collection,Breast-Lesions-USG,41273,149,case149.png,normalized,supporting_spreadsheet,https://www.cancerimagingarchive.net/wp-content/uploads/BrEaST-Lesions-USG-clinical-data-Dec-15-2023.xlsx,breast_clinical.xlsx,150,image_filename_exact_match,high,100,"{""modality"":""US"",""pixel_spacing_mm"":[0.06944444,0.06944444],""pixel_spacing_source_unit"":""cm""}"
Collection,Breast-Lesions-USG,41273,149,case149_tumor.png,inferred,supporting_spreadsheet,https://www.cancerimagingarchive.net/wp-content/uploads/BrEaST-Lesions-USG-clinical-data-Dec-15-2023.xlsx,breast_clinical.xlsx,150,paired_mask_inherits_source_image_spacing,medium,70,"{""modality"":""US"",""pixel_spacing_mm"":[0.06944444,0.06944444],""pixel_spacing_source_unit"":""cm""}"
Collection,Breast-Lesions-USG,41273,150,case150.png,normalized,supporting_spreadsheet,https://www.cancerimagingarchive.net/wp-content/uploads/BrEaST-Lesions-USG-clinical-data-Dec-15-2023.xlsx,breast_clinical.xlsx,151,image_filename_exact_match,high,100,"{""modality"":""US"",""pixel_spacing_mm"":[0.10779999999999999,0.10779999999999999],""pixel_spacing_source_unit"":""cm""}"
Collection,Breast-Lesions-USG,41273,150,case150_tumor.png,inferred,supporting_spreadsheet,https://www.cancerimagingarchive.net/wp-content/uploads/BrEaST-Lesions-USG-clinical-data-Dec-15-2023.xlsx,breast_clinical.xlsx,151,paired_mask_inherits_source_image_spacing,medium,70,"{""modality"":""US"",""pixel_spacing_mm"":[0.10779999999999999,0.10779999999999999],""pixel_spacing_source_unit"":""cm""}"
Collection,Breast-Lesions-USG,41273,151,case151.png,normalized,supporting_spreadsheet,https://www.cancerimagingarchive.net/wp-content/uploads/BrEaST-Lesions-USG-clinical-data-Dec-15-2023.xlsx,breast_clinical.xlsx,152,image_filename_exact_match,high,100,"{""modality"":""US"",""pixel_spacing_mm"":[0.06944444,0.06944444],""pixel_spacing_source_unit"":""cm""}"
Collection,Breast-Lesions-USG,41273,151,case151_tumor.png,inferred,supporting_spreadsheet,https://www.cancerimagingarchive.net/wp-content/uploads/BrEaST-Lesions-USG-clinical-data-Dec-15-2023.xlsx,breast_clinical.xlsx,152,paired_mask_inherits_source_image_spacing,medium,70,"{""modality"":""US"",""pixel_spacing_mm"":[0.06944444,0.06944444],""pixel_spacing_source_unit"":""cm""}"
Collection,Breast-Lesions-USG,41273,151,case151_other1.png,inferred,supporting_spreadsheet,https://www.cancerimagingarchive.net/wp-content/uploads/BrEaST-Lesions-USG-clinical-data-Dec-15-2023.xlsx,breast_clinical.xlsx,152,paired_mask_inherits_source_image_spacing,medium,70,"{""modality"":""US"",""pixel_spacing_mm"":[0.06944444,0.06944444],""pixel_spacing_source_unit"":""cm""}"
Collection,Breast-Lesions-USG,41273,151,case151_other2.png,inferred,supporting_spreadsheet,https://www.cancerimagingarchive.net/wp-content/uploads/BrEaST-Lesions-USG-clinical-data-Dec-15-2023.xlsx,breast_clinical.xlsx,152,paired_mask_inherits_source_image_spacing,medium,70,"{""modality"":""US"",""pixel_spacing_mm"":[0.06944444,0.06944444],""pixel_spacing_source_unit"":""cm""}"
Collection,Breast-Lesions-USG,41273,152,case152.png,normalized,supporting_spreadsheet,https://www.cancerimagingarchive.net/wp-content/uploads/BrEaST-Lesions-USG-clinical-data-Dec-15-2023.xlsx,breast_clinical.xlsx,153,image_filename_exact_match,high,100,"{""modality"":""US"",""pixel_spacing_mm"":[0.06076389,0.06076389],""pixel_spacing_source_unit"":""cm""}"
Collection,Breast-Lesions-USG,41273,152,case152_tumor.png,inferred,supporting_spreadsheet,https://www.cancerimagingarchive.net/wp-content/uploads/BrEaST-Lesions-USG-clinical-data-Dec-15-2023.xlsx,breast_clinical.xlsx,153,paired_mask_inherits_source_image_spacing,medium,70,"{""modality"":""US"",""pixel_spacing_mm"":[0.06076389,0.06076389],""pixel_spacing_source_unit"":""cm""}"
Collection,Breast-Lesions-USG,41273,153,case153.png,normalized,supporting_spreadsheet,https://www.cancerimagingarchive.net/wp-content/uploads/BrEaST-Lesions-USG-clinical-data-Dec-15-2023.xlsx,breast_clinical.xlsx,154,image_filename_exact_match,high,100,"{""modality"":""US"",""pixel_spacing_mm"":[0.078125,0.078125],""pixel_spacing_source_unit"":""cm""}"
Collection,Breast-Lesions-USG,41273,153,case153_tumor.png,inferred,supporting_spreadsheet,https://www.cancerimagingarchive.net/wp-content/uploads/BrEaST-Lesions-USG-clinical-data-Dec-15-2023.xlsx,breast_clinical.xlsx,154,paired_mask_inherits_source_image_spacing,medium,70,"{""modality"":""US"",""pixel_spacing_mm"":[0.078125,0.078125],""pixel_spacing_source_unit"":""cm""}"
Collection,Breast-Lesions-USG,41273,154,case154.png,normalized,supporting_spreadsheet,https://www.cancerimagingarchive.net/wp-content/uploads/BrEaST-Lesions-USG-clinical-data-Dec-15-2023.xlsx,breast_clinical.xlsx,155,image_filename_exact_match,high,100,"{""modality"":""US"",""pixel_spacing_mm"":[0.06076389,0.06076389],""pixel_spacing_source_unit"":""cm""}"
Collection,Breast-Lesions-USG,41273,154,case154_tumor.png,inferred,supporting_spreadsheet,https://www.cancerimagingarchive.net/wp-content/uploads/BrEaST-Lesions-USG-clinical-data-Dec-15-2023.xlsx,breast_clinical.xlsx,155,paired_mask_inherits_source_image_spacing,medium,70,"{""modality"":""US"",""pixel_spacing_mm"":[0.06076389,0.06076389],""pixel_spacing_source_unit"":""cm""}"
Collection,Breast-Lesions-USG,41273,155,case155.png,normalized,supporting_spreadsheet,https://www.cancerimagingarchive.net/wp-content/uploads/BrEaST-Lesions-USG-clinical-data-Dec-15-2023.xlsx,breast_clinical.xlsx,156,image_filename_exact_match,high,100,"{""modality"":""US"",""pixel_spacing_mm"":[0.10779999999999999,0.10779999999999999],""pixel_spacing_source_unit"":""cm""}"
Collection,Breast-Lesions-USG,41273,155,case155_tumor.png,inferred,supporting_spreadsheet,https://www.cancerimagingarchive.net/wp-content/uploads/BrEaST-Lesions-USG-clinical-data-Dec-15-2023.xlsx,breast_clinical.xlsx,156,paired_mask_inherits_source_image_spacing,medium,70,"{""modality"":""US"",""pixel_spacing_mm"":[0.10779999999999999,0.10779999999999999],""pixel_spacing_source_unit"":""cm""}"
Collection,Breast-Lesions-USG,41273,156,case156.png,normalized,supporting_spreadsheet,https://www.cancerimagingarchive.net/wp-content/uploads/BrEaST-Lesions-USG-clinical-data-Dec-15-2023.xlsx,breast_clinical.xlsx,157,image_filename_exact_match,high,100,"{""modality"":""US"",""pixel_spacing_mm"":[0.09197324,0.09197324],""pixel_spacing_source_unit"":""cm""}"
Collection,Breast-Lesions-USG,41273,156,case156_tumor.png,inferred,supporting_spreadsheet,https://www.cancerimagingarchive.net/wp-content/uploads/BrEaST-Lesions-USG-clinical-data-Dec-15-2023.xlsx,breast_clinical.xlsx,157,paired_mask_inherits_source_image_spacing,medium,70,"{""modality"":""US"",""pixel_spacing_mm"":[0.09197324,0.09197324],""pixel_spacing_source_unit"":""cm""}"
Collection,Breast-Lesions-USG,41273,157,case157.png,normalized,supporting_spreadsheet,https://www.cancerimagingarchive.net/wp-content/uploads/BrEaST-Lesions-USG-clinical-data-Dec-15-2023.xlsx,breast_clinical.xlsx,158,image_filename_exact_match,high,100,"{""modality"":""US"",""pixel_spacing_mm"":[0.06688963,0.06688963],""pixel_spacing_source_unit"":""cm""}"
Collection,Breast-Lesions-USG,41273,157,case157_tumor.png,inferred,supporting_spreadsheet,https://www.cancerimagingarchive.net/wp-content/uploads/BrEaST-Lesions-USG-clinical-data-Dec-15-2023.xlsx,breast_clinical.xlsx,158,paired_mask_inherits_source_image_spacing,medium,70,"{""modality"":""US"",""pixel_spacing_mm"":[0.06688963,0.06688963],""pixel_spacing_source_unit"":""cm""}"
Collection,Breast-Lesions-USG,41273,158,case158.png,normalized,supporting_spreadsheet,https://www.cancerimagingarchive.net/wp-content/uploads/BrEaST-Lesions-USG-clinical-data-Dec-15-2023.xlsx,breast_clinical.xlsx,159,image_filename_exact_match,high,100,"{""modality"":""US"",""pixel_spacing_mm"":[0.078125,0.078125],""pixel_spacing_source_unit"":""cm""}"
Collection,Breast-Lesions-USG,41273,158,case158_tumor.png,inferred,supporting_spreadsheet,https://www.cancerimagingarchive.net/wp-content/uploads/BrEaST-Lesions-USG-clinical-data-Dec-15-2023.xlsx,breast_clinical.xlsx,159,paired_mask_inherits_source_image_spacing,medium,70,"{""modality"":""US"",""pixel_spacing_mm"":[0.078125,0.078125],""pixel_spacing_source_unit"":""cm""}"
Collection,Breast-Lesions-USG,41273,159,case159.png,normalized,supporting_spreadsheet,https://www.cancerimagingarchive.net/wp-content/uploads/BrEaST-Lesions-USG-clinical-data-Dec-15-2023.xlsx,breast_clinical.xlsx,160,image_filename_exact_match,high,100,"{""modality"":""US"",""pixel_spacing_mm"":[0.06944444,0.06944444],""pixel_spacing_source_unit"":""cm""}"
Collection,Breast-Lesions-USG,41273,159,case159_tumor.png,inferred,supporting_spreadsheet,https://www.cancerimagingarchive.net/wp-content/uploads/BrEaST-Lesions-USG-clinical-data-Dec-15-2023.xlsx,breast_clinical.xlsx,160,paired_mask_inherits_source_image_spacing,medium,70,"{""modality"":""US"",""pixel_spacing_mm"":[0.06944444,0.06944444],""pixel_spacing_source_unit"":""cm""}"
Collection,Breast-Lesions-USG,41273,160,case160.png,normalized,supporting_spreadsheet,https://www.cancerimagingarchive.net/wp-content/uploads/BrEaST-Lesions-USG-clinical-data-Dec-15-2023.xlsx,breast_clinical.xlsx,161,image_filename_exact_match,high,100,"{""modality"":""US"",""pixel_spacing_mm"":[0.06462036,0.06462036],""pixel_spacing_source_unit"":""cm""}"
Collection,Breast-Lesions-USG,41273,160,case160_tumor.png,inferred,supporting_spreadsheet,https://www.cancerimagingarchive.net/wp-content/uploads/BrEaST-Lesions-USG-clinical-data-Dec-15-2023.xlsx,breast_clinical.xlsx,161,paired_mask_inherits_source_image_spacing,medium,70,"{""modality"":""US"",""pixel_spacing_mm"":[0.06462036,0.06462036],""pixel_spacing_source_unit"":""cm""}"
Collection,Breast-Lesions-USG,41273,161,case161.png,normalized,supporting_spreadsheet,https://www.cancerimagingarchive.net/wp-content/uploads/BrEaST-Lesions-USG-clinical-data-Dec-15-2023.xlsx,breast_clinical.xlsx,162,image_filename_exact_match,high,100,"{""modality"":""US"",""pixel_spacing_mm"":[0.078125,0.078125],""pixel_spacing_source_unit"":""cm""}"
Collection,Breast-Lesions-USG,41273,161,case161_tumor.png,inferred,supporting_spreadsheet,https://www.cancerimagingarchive.net/wp-content/uploads/BrEaST-Lesions-USG-clinical-data-Dec-15-2023.xlsx,breast_clinical.xlsx,162,paired_mask_inherits_source_image_spacing,medium,70,"{""modality"":""US"",""pixel_spacing_mm"":[0.078125,0.078125],""pixel_spacing_source_unit"":""cm""}"
Collection,Breast-Lesions-USG,41273,162,case162.png,normalized,supporting_spreadsheet,https://www.cancerimagingarchive.net/wp-content/uploads/BrEaST-Lesions-USG-clinical-data-Dec-15-2023.xlsx,breast_clinical.xlsx,163,image_filename_exact_match,high,100,"{""modality"":""US"",""pixel_spacing_mm"":[0.078125,0.078125],""pixel_spacing_source_unit"":""cm""}"
Collection,Breast-Lesions-USG,41273,162,case162_tumor.png,inferred,supporting_spreadsheet,https://www.cancerimagingarchive.net/wp-content/uploads/BrEaST-Lesions-USG-clinical-data-Dec-15-2023.xlsx,breast_clinical.xlsx,163,paired_mask_inherits_source_image_spacing,medium,70,"{""modality"":""US"",""pixel_spacing_mm"":[0.078125,0.078125],""pixel_spacing_source_unit"":""cm""}"
Collection,Breast-Lesions-USG,41273,163,case163.png,normalized,supporting_spreadsheet,https://www.cancerimagingarchive.net/wp-content/uploads/BrEaST-Lesions-USG-clinical-data-Dec-15-2023.xlsx,breast_clinical.xlsx,164,image_filename_exact_match,high,100,"{""modality"":""US"",""pixel_spacing_mm"":[0.0924,0.0924],""pixel_spacing_source_unit"":""cm""}"
Collection,Breast-Lesions-USG,41273,163,case163_tumor.png,inferred,supporting_spreadsheet,https://www.cancerimagingarchive.net/wp-content/uploads/BrEaST-Lesions-USG-clinical-data-Dec-15-2023.xlsx,breast_clinical.xlsx,164,paired_mask_inherits_source_image_spacing,medium,70,"{""modality"":""US"",""pixel_spacing_mm"":[0.0924,0.0924],""pixel_spacing_source_unit"":""cm""}"
Collection,Breast-Lesions-USG,41273,164,case164.png,normalized,supporting_spreadsheet,https://www.cancerimagingarchive.net/wp-content/uploads/BrEaST-Lesions-USG-clinical-data-Dec-15-2023.xlsx,breast_clinical.xlsx,165,image_filename_exact_match,high,100,"{""modality"":""US"",""pixel_spacing_mm"":[0.078125,0.078125],""pixel_spacing_source_unit"":""cm""}"
Collection,Breast-Lesions-USG,41273,164,case164_tumor.png,inferred,supporting_spreadsheet,https://www.cancerimagingarchive.net/wp-content/uploads/BrEaST-Lesions-USG-clinical-data-Dec-15-2023.xlsx,breast_clinical.xlsx,165,paired_mask_inherits_source_image_spacing,medium,70,"{""modality"":""US"",""pixel_spacing_mm"":[0.078125,0.078125],""pixel_spacing_source_unit"":""cm""}"
Collection,Breast-Lesions-USG,41273,165,case165.png,normalized,supporting_spreadsheet,https://www.cancerimagingarchive.net/wp-content/uploads/BrEaST-Lesions-USG-clinical-data-Dec-15-2023.xlsx,breast_clinical.xlsx,166,image_filename_exact_match,high,100,"{""modality"":""US"",""pixel_spacing_mm"":[0.10779999999999999,0.10779999999999999],""pixel_spacing_source_unit"":""cm""}"
Collection,Breast-Lesions-USG,41273,165,case165_tumor.png,inferred,supporting_spreadsheet,https://www.cancerimagingarchive.net/wp-content/uploads/BrEaST-Lesions-USG-clinical-data-Dec-15-2023.xlsx,breast_clinical.xlsx,166,paired_mask_inherits_source_image_spacing,medium,70,"{""modality"":""US"",""pixel_spacing_mm"":[0.10779999999999999,0.10779999999999999],""pixel_spacing_source_unit"":""cm""}"
Collection,Breast-Lesions-USG,41273,166,case166.png,normalized,supporting_spreadsheet,https://www.cancerimagingarchive.net/wp-content/uploads/BrEaST-Lesions-USG-clinical-data-Dec-15-2023.xlsx,breast_clinical.xlsx,167,image_filename_exact_match,high,100,"{""modality"":""US"",""pixel_spacing_mm"":[0.08361204,0.08361204],""pixel_spacing_source_unit"":""cm""}"
Collection,Breast-Lesions-USG,41273,166,case166_tumor.png,inferred,supporting_spreadsheet,https://www.cancerimagingarchive.net/wp-content/uploads/BrEaST-Lesions-USG-clinical-data-Dec-15-2023.xlsx,breast_clinical.xlsx,167,paired_mask_inherits_source_image_spacing,medium,70,"{""modality"":""US"",""pixel_spacing_mm"":[0.08361204,0.08361204],""pixel_spacing_source_unit"":""cm""}"
Collection,Breast-Lesions-USG,41273,167,case167.png,normalized,supporting_spreadsheet,https://www.cancerimagingarchive.net/wp-content/uploads/BrEaST-Lesions-USG-clinical-data-Dec-15-2023.xlsx,breast_clinical.xlsx,168,image_filename_exact_match,high,100,"{""modality"":""US"",""pixel_spacing_mm"":[0.06944444,0.06944444],""pixel_spacing_source_unit"":""cm""}"
Collection,Breast-Lesions-USG,41273,167,case167_tumor.png,inferred,supporting_spreadsheet,https://www.cancerimagingarchive.net/wp-content/uploads/BrEaST-Lesions-USG-clinical-data-Dec-15-2023.xlsx,breast_clinical.xlsx,168,paired_mask_inherits_source_image_spacing,medium,70,"{""modality"":""US"",""pixel_spacing_mm"":[0.06944444,0.06944444],""pixel_spacing_source_unit"":""cm""}"
Collection,Breast-Lesions-USG,41273,168,case168.png,normalized,supporting_spreadsheet,https://www.cancerimagingarchive.net/wp-content/uploads/BrEaST-Lesions-USG-clinical-data-Dec-15-2023.xlsx,breast_clinical.xlsx,169,image_filename_exact_match,high,100,"{""modality"":""US"",""pixel_spacing_mm"":[0.078125,0.078125],""pixel_spacing_source_unit"":""cm""}"
Collection,Breast-Lesions-USG,41273,168,case168_tumor.png,inferred,supporting_spreadsheet,https://www.cancerimagingarchive.net/wp-content/uploads/BrEaST-Lesions-USG-clinical-data-Dec-15-2023.xlsx,breast_clinical.xlsx,169,paired_mask_inherits_source_image_spacing,medium,70,"{""modality"":""US"",""pixel_spacing_mm"":[0.078125,0.078125],""pixel_spacing_source_unit"":""cm""}"
Collection,Breast-Lesions-USG,41273,169,case169.png,normalized,supporting_spreadsheet,https://www.cancerimagingarchive.net/wp-content/uploads/BrEaST-Lesions-USG-clinical-data-Dec-15-2023.xlsx,breast_clinical.xlsx,170,image_filename_exact_match,high,100,"{""modality"":""US"",""pixel_spacing_mm"":[0.078125,0.078125],""pixel_spacing_source_unit"":""cm""}"
Collection,Breast-Lesions-USG,41273,169,case169_tumor.png,inferred,supporting_spreadsheet,https://www.cancerimagingarchive.net/wp-content/uploads/BrEaST-Lesions-USG-clinical-data-Dec-15-2023.xlsx,breast_clinical.xlsx,170,paired_mask_inherits_source_image_spacing,medium,70,"{""modality"":""US"",""pixel_spacing_mm"":[0.078125,0.078125],""pixel_spacing_source_unit"":""cm""}"
Collection,Breast-Lesions-USG,41273,170,case170.png,normalized,supporting_spreadsheet,https://www.cancerimagingarchive.net/wp-content/uploads/BrEaST-Lesions-USG-clinical-data-Dec-15-2023.xlsx,breast_clinical.xlsx,171,image_filename_exact_match,high,100,"{""modality"":""US"",""pixel_spacing_mm"":[0.059101650000000006,0.059101650000000006],""pixel_spacing_source_unit"":""cm""}"
Collection,Breast-Lesions-USG,41273,170,case170_tumor.png,inferred,supporting_spreadsheet,https://www.cancerimagingarchive.net/wp-content/uploads/BrEaST-Lesions-USG-clinical-data-Dec-15-2023.xlsx,breast_clinical.xlsx,171,paired_mask_inherits_source_image_spacing,medium,70,"{""modality"":""US"",""pixel_spacing_mm"":[0.059101650000000006,0.059101650000000006],""pixel_spacing_source_unit"":""cm""}"
Collection,Breast-Lesions-USG,41273,171,case171.png,normalized,supporting_spreadsheet,https://www.cancerimagingarchive.net/wp-content/uploads/BrEaST-Lesions-USG-clinical-data-Dec-15-2023.xlsx,breast_clinical.xlsx,172,image_filename_exact_match,high,100,"{""modality"":""US"",""pixel_spacing_mm"":[0.078125,0.078125],""pixel_spacing_source_unit"":""cm""}"
Collection,Breast-Lesions-USG,41273,171,case171_tumor.png,inferred,supporting_spreadsheet,https://www.cancerimagingarchive.net/wp-content/uploads/BrEaST-Lesions-USG-clinical-data-Dec-15-2023.xlsx,breast_clinical.xlsx,172,paired_mask_inherits_source_image_spacing,medium,70,"{""modality"":""US"",""pixel_spacing_mm"":[0.078125,0.078125],""pixel_spacing_source_unit"":""cm""}"
Collection,Breast-Lesions-USG,41273,172,case172.png,normalized,supporting_spreadsheet,https://www.cancerimagingarchive.net/wp-content/uploads/BrEaST-Lesions-USG-clinical-data-Dec-15-2023.xlsx,breast_clinical.xlsx,173,image_filename_exact_match,high,100,"{""modality"":""US"",""pixel_spacing_mm"":[0.078125,0.078125],""pixel_spacing_source_unit"":""cm""}"
Collection,Breast-Lesions-USG,41273,172,case172_tumor.png,inferred,supporting_spreadsheet,https://www.cancerimagingarchive.net/wp-content/uploads/BrEaST-Lesions-USG-clinical-data-Dec-15-2023.xlsx,breast_clinical.xlsx,173,paired_mask_inherits_source_image_spacing,medium,70,"{""modality"":""US"",""pixel_spacing_mm"":[0.078125,0.078125],""pixel_spacing_source_unit"":""cm""}"
Collection,Breast-Lesions-USG,41273,173,case173.png,normalized,supporting_spreadsheet,https://www.cancerimagingarchive.net/wp-content/uploads/BrEaST-Lesions-USG-clinical-data-Dec-15-2023.xlsx,breast_clinical.xlsx,174,image_filename_exact_match,high,100,"{""modality"":""US"",""pixel_spacing_mm"":[0.10416666999999999,0.10416666999999999],""pixel_spacing_source_unit"":""cm""}"
Collection,Breast-Lesions-USG,41273,173,case173_tumor.png,inferred,supporting_spreadsheet,https://www.cancerimagingarchive.net/wp-content/uploads/BrEaST-Lesions-USG-clinical-data-Dec-15-2023.xlsx,breast_clinical.xlsx,174,paired_mask_inherits_source_image_spacing,medium,70,"{""modality"":""US"",""pixel_spacing_mm"":[0.10416666999999999,0.10416666999999999],""pixel_spacing_source_unit"":""cm""}"
Collection,Breast-Lesions-USG,41273,174,case174.png,normalized,supporting_spreadsheet,https://www.cancerimagingarchive.net/wp-content/uploads/BrEaST-Lesions-USG-clinical-data-Dec-15-2023.xlsx,breast_clinical.xlsx,175,image_filename_exact_match,high,100,"{""modality"":""US"",""pixel_spacing_mm"":[0.078125,0.078125],""pixel_spacing_source_unit"":""cm""}"
Collection,Breast-Lesions-USG,41273,174,case174_tumor.png,inferred,supporting_spreadsheet,https://www.cancerimagingarchive.net/wp-content/uploads/BrEaST-Lesions-USG-clinical-data-Dec-15-2023.xlsx,breast_clinical.xlsx,175,paired_mask_inherits_source_image_spacing,medium,70,"{""modality"":""US"",""pixel_spacing_mm"":[0.078125,0.078125],""pixel_spacing_source_unit"":""cm""}"
Collection,Breast-Lesions-USG,41273,175,case175.png,normalized,supporting_spreadsheet,https://www.cancerimagingarchive.net/wp-content/uploads/BrEaST-Lesions-USG-clinical-data-Dec-15-2023.xlsx,breast_clinical.xlsx,176,image_filename_exact_match,high,100,"{""modality"":""US"",""pixel_spacing_mm"":[0.08680556,0.08680556],""pixel_spacing_source_unit"":""cm""}"
Collection,Breast-Lesions-USG,41273,175,case175_tumor.png,inferred,supporting_spreadsheet,https://www.cancerimagingarchive.net/wp-content/uploads/BrEaST-Lesions-USG-clinical-data-Dec-15-2023.xlsx,breast_clinical.xlsx,176,paired_mask_inherits_source_image_spacing,medium,70,"{""modality"":""US"",""pixel_spacing_mm"":[0.08680556,0.08680556],""pixel_spacing_source_unit"":""cm""}"
Collection,Breast-Lesions-USG,41273,176,case176.png,normalized,supporting_spreadsheet,https://www.cancerimagingarchive.net/wp-content/uploads/BrEaST-Lesions-USG-clinical-data-Dec-15-2023.xlsx,breast_clinical.xlsx,177,image_filename_exact_match,high,100,"{""modality"":""US"",""pixel_spacing_mm"":[0.08680556,0.08680556],""pixel_spacing_source_unit"":""cm""}"
Collection,Breast-Lesions-USG,41273,176,case176_tumor.png,inferred,supporting_spreadsheet,https://www.cancerimagingarchive.net/wp-content/uploads/BrEaST-Lesions-USG-clinical-data-Dec-15-2023.xlsx,breast_clinical.xlsx,177,paired_mask_inherits_source_image_spacing,medium,70,"{""modality"":""US"",""pixel_spacing_mm"":[0.08680556,0.08680556],""pixel_spacing_source_unit"":""cm""}"
Collection,Breast-Lesions-USG,41273,177,case177.png,normalized,supporting_spreadsheet,https://www.cancerimagingarchive.net/wp-content/uploads/BrEaST-Lesions-USG-clinical-data-Dec-15-2023.xlsx,breast_clinical.xlsx,178,image_filename_exact_match,high,100,"{""modality"":""US"",""pixel_spacing_mm"":[0.059101650000000006,0.059101650000000006],""pixel_spacing_source_unit"":""cm""}"
Collection,Breast-Lesions-USG,41273,177,case177_tumor.png,inferred,supporting_spreadsheet,https://www.cancerimagingarchive.net/wp-content/uploads/BrEaST-Lesions-USG-clinical-data-Dec-15-2023.xlsx,breast_clinical.xlsx,178,paired_mask_inherits_source_image_spacing,medium,70,"{""modality"":""US"",""pixel_spacing_mm"":[0.059101650000000006,0.059101650000000006],""pixel_spacing_source_unit"":""cm""}"
Collection,Breast-Lesions-USG,41273,178,case178.png,normalized,supporting_spreadsheet,https://www.cancerimagingarchive.net/wp-content/uploads/BrEaST-Lesions-USG-clinical-data-Dec-15-2023.xlsx,breast_clinical.xlsx,179,image_filename_exact_match,high,100,"{""modality"":""US"",""pixel_spacing_mm"":[0.11658030999999999,0.11658030999999999],""pixel_spacing_source_unit"":""cm""}"
Collection,Breast-Lesions-USG,41273,178,case178_tumor.png,inferred,supporting_spreadsheet,https://www.cancerimagingarchive.net/wp-content/uploads/BrEaST-Lesions-USG-clinical-data-Dec-15-2023.xlsx,breast_clinical.xlsx,179,paired_mask_inherits_source_image_spacing,medium,70,"{""modality"":""US"",""pixel_spacing_mm"":[0.11658030999999999,0.11658030999999999],""pixel_spacing_source_unit"":""cm""}"
Collection,Breast-Lesions-USG,41273,179,case179.png,normalized,supporting_spreadsheet,https://www.cancerimagingarchive.net/wp-content/uploads/BrEaST-Lesions-USG-clinical-data-Dec-15-2023.xlsx,breast_clinical.xlsx,180,image_filename_exact_match,high,100,"{""modality"":""US"",""pixel_spacing_mm"":[0.06076389,0.06076389],""pixel_spacing_source_unit"":""cm""}"
Collection,Breast-Lesions-USG,41273,179,case179_tumor.png,inferred,supporting_spreadsheet,https://www.cancerimagingarchive.net/wp-content/uploads/BrEaST-Lesions-USG-clinical-data-Dec-15-2023.xlsx,breast_clinical.xlsx,180,paired_mask_inherits_source_image_spacing,medium,70,"{""modality"":""US"",""pixel_spacing_mm"":[0.06076389,0.06076389],""pixel_spacing_source_unit"":""cm""}"
Collection,Breast-Lesions-USG,41273,180,case180.png,normalized,supporting_spreadsheet,https://www.cancerimagingarchive.net/wp-content/uploads/BrEaST-Lesions-USG-clinical-data-Dec-15-2023.xlsx,breast_clinical.xlsx,181,image_filename_exact_match,high,100,"{""modality"":""US"",""pixel_spacing_mm"":[0.06462036,0.06462036],""pixel_spacing_source_unit"":""cm""}"
Collection,Breast-Lesions-USG,41273,180,case180_tumor.png,inferred,supporting_spreadsheet,https://www.cancerimagingarchive.net/wp-content/uploads/BrEaST-Lesions-USG-clinical-data-Dec-15-2023.xlsx,breast_clinical.xlsx,181,paired_mask_inherits_source_image_spacing,medium,70,"{""modality"":""US"",""pixel_spacing_mm"":[0.06462036,0.06462036],""pixel_spacing_source_unit"":""cm""}"
Collection,Breast-Lesions-USG,41273,181,case181.png,normalized,supporting_spreadsheet,https://www.cancerimagingarchive.net/wp-content/uploads/BrEaST-Lesions-USG-clinical-data-Dec-15-2023.xlsx,breast_clinical.xlsx,182,image_filename_exact_match,high,100,"{""modality"":""US"",""pixel_spacing_mm"":[0.078125,0.078125],""pixel_spacing_source_unit"":""cm""}"
Collection,Breast-Lesions-USG,41273,181,case181_tumor.png,inferred,supporting_spreadsheet,https://www.cancerimagingarchive.net/wp-content/uploads/BrEaST-Lesions-USG-clinical-data-Dec-15-2023.xlsx,breast_clinical.xlsx,182,paired_mask_inherits_source_image_spacing,medium,70,"{""modality"":""US"",""pixel_spacing_mm"":[0.078125,0.078125],""pixel_spacing_source_unit"":""cm""}"
Collection,Breast-Lesions-USG,41273,182,case182.png,normalized,supporting_spreadsheet,https://www.cancerimagingarchive.net/wp-content/uploads/BrEaST-Lesions-USG-clinical-data-Dec-15-2023.xlsx,breast_clinical.xlsx,183,image_filename_exact_match,high,100,"{""modality"":""US"",""pixel_spacing_mm"":[0.078125,0.078125],""pixel_spacing_source_unit"":""cm""}"
Collection,Breast-Lesions-USG,41273,182,case182_tumor.png,inferred,supporting_spreadsheet,https://www.cancerimagingarchive.net/wp-content/uploads/BrEaST-Lesions-USG-clinical-data-Dec-15-2023.xlsx,breast_clinical.xlsx,183,paired_mask_inherits_source_image_spacing,medium,70,"{""modality"":""US"",""pixel_spacing_mm"":[0.078125,0.078125],""pixel_spacing_source_unit"":""cm""}"
Collection,Breast-Lesions-USG,41273,183,case183.png,normalized,supporting_spreadsheet,https://www.cancerimagingarchive.net/wp-content/uploads/BrEaST-Lesions-USG-clinical-data-Dec-15-2023.xlsx,breast_clinical.xlsx,184,image_filename_exact_match,high,100,"{""modality"":""US"",""pixel_spacing_mm"":[0.05208333,0.05208333],""pixel_spacing_source_unit"":""cm""}"
Collection,Breast-Lesions-USG,41273,183,case183_tumor.png,inferred,supporting_spreadsheet,https://www.cancerimagingarchive.net/wp-content/uploads/BrEaST-Lesions-USG-clinical-data-Dec-15-2023.xlsx,breast_clinical.xlsx,184,paired_mask_inherits_source_image_spacing,medium,70,"{""modality"":""US"",""pixel_spacing_mm"":[0.05208333,0.05208333],""pixel_spacing_source_unit"":""cm""}"
Collection,Breast-Lesions-USG,41273,184,case184.png,normalized,supporting_spreadsheet,https://www.cancerimagingarchive.net/wp-content/uploads/BrEaST-Lesions-USG-clinical-data-Dec-15-2023.xlsx,breast_clinical.xlsx,185,image_filename_exact_match,high,100,"{""modality"":""US"",""pixel_spacing_mm"":[0.05181347,0.05181347],""pixel_spacing_source_unit"":""cm""}"
Collection,Breast-Lesions-USG,41273,184,case184_tumor.png,inferred,supporting_spreadsheet,https://www.cancerimagingarchive.net/wp-content/uploads/BrEaST-Lesions-USG-clinical-data-Dec-15-2023.xlsx,breast_clinical.xlsx,185,paired_mask_inherits_source_image_spacing,medium,70,"{""modality"":""US"",""pixel_spacing_mm"":[0.05181347,0.05181347],""pixel_spacing_source_unit"":""cm""}"
Collection,Breast-Lesions-USG,41273,185,case185.png,normalized,supporting_spreadsheet,https://www.cancerimagingarchive.net/wp-content/uploads/BrEaST-Lesions-USG-clinical-data-Dec-15-2023.xlsx,breast_clinical.xlsx,186,image_filename_exact_match,high,100,"{""modality"":""US"",""pixel_spacing_mm"":[0.10779999999999999,0.10779999999999999],""pixel_spacing_source_unit"":""cm""}"
Collection,Breast-Lesions-USG,41273,185,case185_tumor.png,inferred,supporting_spreadsheet,https://www.cancerimagingarchive.net/wp-content/uploads/BrEaST-Lesions-USG-clinical-data-Dec-15-2023.xlsx,breast_clinical.xlsx,186,paired_mask_inherits_source_image_spacing,medium,70,"{""modality"":""US"",""pixel_spacing_mm"":[0.10779999999999999,0.10779999999999999],""pixel_spacing_source_unit"":""cm""}"
Collection,Breast-Lesions-USG,41273,186,case186.png,normalized,supporting_spreadsheet,https://www.cancerimagingarchive.net/wp-content/uploads/BrEaST-Lesions-USG-clinical-data-Dec-15-2023.xlsx,breast_clinical.xlsx,187,image_filename_exact_match,high,100,"{""modality"":""US"",""pixel_spacing_mm"":[0.09478673,0.09478673],""pixel_spacing_source_unit"":""cm""}"
Collection,Breast-Lesions-USG,41273,186,case186_tumor.png,inferred,supporting_spreadsheet,https://www.cancerimagingarchive.net/wp-content/uploads/BrEaST-Lesions-USG-clinical-data-Dec-15-2023.xlsx,breast_clinical.xlsx,187,paired_mask_inherits_source_image_spacing,medium,70,"{""modality"":""US"",""pixel_spacing_mm"":[0.09478673,0.09478673],""pixel_spacing_source_unit"":""cm""}"
Collection,Breast-Lesions-USG,41273,187,case187.png,normalized,supporting_spreadsheet,https://www.cancerimagingarchive.net/wp-content/uploads/BrEaST-Lesions-USG-clinical-data-Dec-15-2023.xlsx,breast_clinical.xlsx,188,image_filename_exact_match,high,100,"{""modality"":""US"",""pixel_spacing_mm"":[0.06462036,0.06462036],""pixel_spacing_source_unit"":""cm""}"
Collection,Breast-Lesions-USG,41273,187,case187_tumor.png,inferred,supporting_spreadsheet,https://www.cancerimagingarchive.net/wp-content/uploads/BrEaST-Lesions-USG-clinical-data-Dec-15-2023.xlsx,breast_clinical.xlsx,188,paired_mask_inherits_source_image_spacing,medium,70,"{""modality"":""US"",""pixel_spacing_mm"":[0.06462036,0.06462036],""pixel_spacing_source_unit"":""cm""}"
Collection,Breast-Lesions-USG,41273,188,case188.png,normalized,supporting_spreadsheet,https://www.cancerimagingarchive.net/wp-content/uploads/BrEaST-Lesions-USG-clinical-data-Dec-15-2023.xlsx,breast_clinical.xlsx,189,image_filename_exact_match,high,100,"{""modality"":""US"",""pixel_spacing_mm"":[0.05208333,0.05208333],""pixel_spacing_source_unit"":""cm""}"
Collection,Breast-Lesions-USG,41273,188,case188_tumor.png,inferred,supporting_spreadsheet,https://www.cancerimagingarchive.net/wp-content/uploads/BrEaST-Lesions-USG-clinical-data-Dec-15-2023.xlsx,breast_clinical.xlsx,189,paired_mask_inherits_source_image_spacing,medium,70,"{""modality"":""US"",""pixel_spacing_mm"":[0.05208333,0.05208333],""pixel_spacing_source_unit"":""cm""}"
Collection,Breast-Lesions-USG,41273,189,case189.png,normalized,supporting_spreadsheet,https://www.cancerimagingarchive.net/wp-content/uploads/BrEaST-Lesions-USG-clinical-data-Dec-15-2023.xlsx,breast_clinical.xlsx,190,image_filename_exact_match,high,100,"{""modality"":""US"",""pixel_spacing_mm"":[0.078125,0.078125],""pixel_spacing_source_unit"":""cm""}"
Collection,Breast-Lesions-USG,41273,189,case189_tumor.png,inferred,supporting_spreadsheet,https://www.cancerimagingarchive.net/wp-content/uploads/BrEaST-Lesions-USG-clinical-data-Dec-15-2023.xlsx,breast_clinical.xlsx,190,paired_mask_inherits_source_image_spacing,medium,70,"{""modality"":""US"",""pixel_spacing_mm"":[0.078125,0.078125],""pixel_spacing_source_unit"":""cm""}"
Collection,Breast-Lesions-USG,41273,190,case190.png,normalized,supporting_spreadsheet,https://www.cancerimagingarchive.net/wp-content/uploads/BrEaST-Lesions-USG-clinical-data-Dec-15-2023.xlsx,breast_clinical.xlsx,191,image_filename_exact_match,high,100,"{""modality"":""US"",""pixel_spacing_mm"":[0.078125,0.078125],""pixel_spacing_source_unit"":""cm""}"
Collection,Breast-Lesions-USG,41273,190,case190_tumor.png,inferred,supporting_spreadsheet,https://www.cancerimagingarchive.net/wp-content/uploads/BrEaST-Lesions-USG-clinical-data-Dec-15-2023.xlsx,breast_clinical.xlsx,191,paired_mask_inherits_source_image_spacing,medium,70,"{""modality"":""US"",""pixel_spacing_mm"":[0.078125,0.078125],""pixel_spacing_source_unit"":""cm""}"
Collection,Breast-Lesions-USG,41273,191,case191.png,normalized,supporting_spreadsheet,https://www.cancerimagingarchive.net/wp-content/uploads/BrEaST-Lesions-USG-clinical-data-Dec-15-2023.xlsx,breast_clinical.xlsx,192,image_filename_exact_match,high,100,"{""modality"":""US"",""pixel_spacing_mm"":[0.05852843,0.05852843],""pixel_spacing_source_unit"":""cm""}"
Collection,Breast-Lesions-USG,41273,191,case191_tumor.png,inferred,supporting_spreadsheet,https://www.cancerimagingarchive.net/wp-content/uploads/BrEaST-Lesions-USG-clinical-data-Dec-15-2023.xlsx,breast_clinical.xlsx,192,paired_mask_inherits_source_image_spacing,medium,70,"{""modality"":""US"",""pixel_spacing_mm"":[0.05852843,0.05852843],""pixel_spacing_source_unit"":""cm""}"
Collection,Breast-Lesions-USG,41273,192,case192.png,normalized,supporting_spreadsheet,https://www.cancerimagingarchive.net/wp-content/uploads/BrEaST-Lesions-USG-clinical-data-Dec-15-2023.xlsx,breast_clinical.xlsx,193,image_filename_exact_match,high,100,"{""modality"":""US"",""pixel_spacing_mm"":[0.10779999999999999,0.10779999999999999],""pixel_spacing_source_unit"":""cm""}"
Collection,Breast-Lesions-USG,41273,192,case192_tumor.png,inferred,supporting_spreadsheet,https://www.cancerimagingarchive.net/wp-content/uploads/BrEaST-Lesions-USG-clinical-data-Dec-15-2023.xlsx,breast_clinical.xlsx,193,paired_mask_inherits_source_image_spacing,medium,70,"{""modality"":""US"",""pixel_spacing_mm"":[0.10779999999999999,0.10779999999999999],""pixel_spacing_source_unit"":""cm""}"
Collection,Breast-Lesions-USG,41273,193,case193.png,normalized,supporting_spreadsheet,https://www.cancerimagingarchive.net/wp-content/uploads/BrEaST-Lesions-USG-clinical-data-Dec-15-2023.xlsx,breast_clinical.xlsx,194,image_filename_exact_match,high,100,"{""modality"":""US"",""pixel_spacing_mm"":[0.05882353,0.05882353],""pixel_spacing_source_unit"":""cm""}"
Collection,Breast-Lesions-USG,41273,193,case193_tumor.png,inferred,supporting_spreadsheet,https://www.cancerimagingarchive.net/wp-content/uploads/BrEaST-Lesions-USG-clinical-data-Dec-15-2023.xlsx,breast_clinical.xlsx,194,paired_mask_inherits_source_image_spacing,medium,70,"{""modality"":""US"",""pixel_spacing_mm"":[0.05882353,0.05882353],""pixel_spacing_source_unit"":""cm""}"
Collection,Breast-Lesions-USG,41273,194,case194.png,normalized,supporting_spreadsheet,https://www.cancerimagingarchive.net/wp-content/uploads/BrEaST-Lesions-USG-clinical-data-Dec-15-2023.xlsx,breast_clinical.xlsx,195,image_filename_exact_match,high,100,"{""modality"":""US"",""pixel_spacing_mm"":[0.05882353,0.05882353],""pixel_spacing_source_unit"":""cm""}"
Collection,Breast-Lesions-USG,41273,194,case194_tumor.png,inferred,supporting_spreadsheet,https://www.cancerimagingarchive.net/wp-content/uploads/BrEaST-Lesions-USG-clinical-data-Dec-15-2023.xlsx,breast_clinical.xlsx,195,paired_mask_inherits_source_image_spacing,medium,70,"{""modality"":""US"",""pixel_spacing_mm"":[0.05882353,0.05882353],""pixel_spacing_source_unit"":""cm""}"
Collection,Breast-Lesions-USG,41273,195,case195.png,normalized,supporting_spreadsheet,https://www.cancerimagingarchive.net/wp-content/uploads/BrEaST-Lesions-USG-clinical-data-Dec-15-2023.xlsx,breast_clinical.xlsx,196,image_filename_exact_match,high,100,"{""modality"":""US"",""pixel_spacing_mm"":[0.0726979,0.0726979],""pixel_spacing_source_unit"":""cm""}"
Collection,Breast-Lesions-USG,41273,195,case195_tumor.png,inferred,supporting_spreadsheet,https://www.cancerimagingarchive.net/wp-content/uploads/BrEaST-Lesions-USG-clinical-data-Dec-15-2023.xlsx,breast_clinical.xlsx,196,paired_mask_inherits_source_image_spacing,medium,70,"{""modality"":""US"",""pixel_spacing_mm"":[0.0726979,0.0726979],""pixel_spacing_source_unit"":""cm""}"
Collection,Breast-Lesions-USG,41273,196,case196.png,normalized,supporting_spreadsheet,https://www.cancerimagingarchive.net/wp-content/uploads/BrEaST-Lesions-USG-clinical-data-Dec-15-2023.xlsx,breast_clinical.xlsx,197,image_filename_exact_match,high,100,"{""modality"":""US"",""pixel_spacing_mm"":[0.05882353,0.05882353],""pixel_spacing_source_unit"":""cm""}"
Collection,Breast-Lesions-USG,41273,196,case196_tumor.png,inferred,supporting_spreadsheet,https://www.cancerimagingarchive.net/wp-content/uploads/BrEaST-Lesions-USG-clinical-data-Dec-15-2023.xlsx,breast_clinical.xlsx,197,paired_mask_inherits_source_image_spacing,medium,70,"{""modality"":""US"",""pixel_spacing_mm"":[0.05882353,0.05882353],""pixel_spacing_source_unit"":""cm""}"
Collection,Breast-Lesions-USG,41273,197,case197.png,normalized,supporting_spreadsheet,https://www.cancerimagingarchive.net/wp-content/uploads/BrEaST-Lesions-USG-clinical-data-Dec-15-2023.xlsx,breast_clinical.xlsx,198,image_filename_exact_match,high,100,"{""modality"":""US"",""pixel_spacing_mm"":[0.06076389,0.06076389],""pixel_spacing_source_unit"":""cm""}"
Collection,Breast-Lesions-USG,41273,197,case197_tumor.png,inferred,supporting_spreadsheet,https://www.cancerimagingarchive.net/wp-content/uploads/BrEaST-Lesions-USG-clinical-data-Dec-15-2023.xlsx,breast_clinical.xlsx,198,paired_mask_inherits_source_image_spacing,medium,70,"{""modality"":""US"",""pixel_spacing_mm"":[0.06076389,0.06076389],""pixel_spacing_source_unit"":""cm""}"
Collection,Breast-Lesions-USG,41273,198,case198.png,normalized,supporting_spreadsheet,https://www.cancerimagingarchive.net/wp-content/uploads/BrEaST-Lesions-USG-clinical-data-Dec-15-2023.xlsx,breast_clinical.xlsx,199,image_filename_exact_match,high,100,"{""modality"":""US"",""pixel_spacing_mm"":[0.06944444,0.06944444],""pixel_spacing_source_unit"":""cm""}"
Collection,Breast-Lesions-USG,41273,198,case198_tumor.png,inferred,supporting_spreadsheet,https://www.cancerimagingarchive.net/wp-content/uploads/BrEaST-Lesions-USG-clinical-data-Dec-15-2023.xlsx,breast_clinical.xlsx,199,paired_mask_inherits_source_image_spacing,medium,70,"{""modality"":""US"",""pixel_spacing_mm"":[0.06944444,0.06944444],""pixel_spacing_source_unit"":""cm""}"
Collection,Breast-Lesions-USG,41273,199,case199.png,normalized,supporting_spreadsheet,https://www.cancerimagingarchive.net/wp-content/uploads/BrEaST-Lesions-USG-clinical-data-Dec-15-2023.xlsx,breast_clinical.xlsx,200,image_filename_exact_match,high,100,"{""modality"":""US"",""pixel_spacing_mm"":[0.078125,0.078125],""pixel_spacing_source_unit"":""cm""}"
Collection,Breast-Lesions-USG,41273,199,case199_tumor.png,inferred,supporting_spreadsheet,https://www.cancerimagingarchive.net/wp-content/uploads/BrEaST-Lesions-USG-clinical-data-Dec-15-2023.xlsx,breast_clinical.xlsx,200,paired_mask_inherits_source_image_spacing,medium,70,"{""modality"":""US"",""pixel_spacing_mm"":[0.078125,0.078125],""pixel_spacing_source_unit"":""cm""}"
Collection,Breast-Lesions-USG,41273,200,case200.png,normalized,supporting_spreadsheet,https://www.cancerimagingarchive.net/wp-content/uploads/BrEaST-Lesions-USG-clinical-data-Dec-15-2023.xlsx,breast_clinical.xlsx,201,image_filename_exact_match,high,100,"{""modality"":""US"",""pixel_spacing_mm"":[0.05208333,0.05208333],""pixel_spacing_source_unit"":""cm""}"
Collection,Breast-Lesions-USG,41273,200,case200_tumor.png,inferred,supporting_spreadsheet,https://www.cancerimagingarchive.net/wp-content/uploads/BrEaST-Lesions-USG-clinical-data-Dec-15-2023.xlsx,breast_clinical.xlsx,201,paired_mask_inherits_source_image_spacing,medium,70,"{""modality"":""US"",""pixel_spacing_mm"":[0.05208333,0.05208333],""pixel_spacing_source_unit"":""cm""}"
Collection,Breast-Lesions-USG,41273,201,case201.png,normalized,supporting_spreadsheet,https://www.cancerimagingarchive.net/wp-content/uploads/BrEaST-Lesions-USG-clinical-data-Dec-15-2023.xlsx,breast_clinical.xlsx,202,image_filename_exact_match,high,100,"{""modality"":""US"",""pixel_spacing_mm"":[0.0726979,0.0726979],""pixel_spacing_source_unit"":""cm""}"
Collection,Breast-Lesions-USG,41273,201,case201_tumor.png,inferred,supporting_spreadsheet,https://www.cancerimagingarchive.net/wp-content/uploads/BrEaST-Lesions-USG-clinical-data-Dec-15-2023.xlsx,breast_clinical.xlsx,202,paired_mask_inherits_source_image_spacing,medium,70,"{""modality"":""US"",""pixel_spacing_mm"":[0.0726979,0.0726979],""pixel_spacing_source_unit"":""cm""}"
Collection,Breast-Lesions-USG,41273,202,case202.png,normalized,supporting_spreadsheet,https://www.cancerimagingarchive.net/wp-content/uploads/BrEaST-Lesions-USG-clinical-data-Dec-15-2023.xlsx,breast_clinical.xlsx,203,image_filename_exact_match,high,100,"{""modality"":""US"",""pixel_spacing_mm"":[0.04340278,0.04340278],""pixel_spacing_source_unit"":""cm""}"
Collection,Breast-Lesions-USG,41273,202,case202_tumor.png,inferred,supporting_spreadsheet,https://www.cancerimagingarchive.net/wp-content/uploads/BrEaST-Lesions-USG-clinical-data-Dec-15-2023.xlsx,breast_clinical.xlsx,203,paired_mask_inherits_source_image_spacing,medium,70,"{""modality"":""US"",""pixel_spacing_mm"":[0.04340278,0.04340278],""pixel_spacing_source_unit"":""cm""}"
Collection,Breast-Lesions-USG,41273,203,case203.png,normalized,supporting_spreadsheet,https://www.cancerimagingarchive.net/wp-content/uploads/BrEaST-Lesions-USG-clinical-data-Dec-15-2023.xlsx,breast_clinical.xlsx,204,image_filename_exact_match,high,100,"{""modality"":""US"",""pixel_spacing_mm"":[0.078125,0.078125],""pixel_spacing_source_unit"":""cm""}"
Collection,Breast-Lesions-USG,41273,203,case203_tumor.png,inferred,supporting_spreadsheet,https://www.cancerimagingarchive.net/wp-content/uploads/BrEaST-Lesions-USG-clinical-data-Dec-15-2023.xlsx,breast_clinical.xlsx,204,paired_mask_inherits_source_image_spacing,medium,70,"{""modality"":""US"",""pixel_spacing_mm"":[0.078125,0.078125],""pixel_spacing_source_unit"":""cm""}"
Collection,Breast-Lesions-USG,41273,204,case204.png,normalized,supporting_spreadsheet,https://www.cancerimagingarchive.net/wp-content/uploads/BrEaST-Lesions-USG-clinical-data-Dec-15-2023.xlsx,breast_clinical.xlsx,205,image_filename_exact_match,high,100,"{""modality"":""US"",""pixel_spacing_mm"":[0.05181347,0.05181347],""pixel_spacing_source_unit"":""cm""}"
Collection,Breast-Lesions-USG,41273,204,case204_tumor.png,inferred,supporting_spreadsheet,https://www.cancerimagingarchive.net/wp-content/uploads/BrEaST-Lesions-USG-clinical-data-Dec-15-2023.xlsx,breast_clinical.xlsx,205,paired_mask_inherits_source_image_spacing,medium,70,"{""modality"":""US"",""pixel_spacing_mm"":[0.05181347,0.05181347],""pixel_spacing_source_unit"":""cm""}"
Collection,Breast-Lesions-USG,41273,205,case205.png,normalized,supporting_spreadsheet,https://www.cancerimagingarchive.net/wp-content/uploads/BrEaST-Lesions-USG-clinical-data-Dec-15-2023.xlsx,breast_clinical.xlsx,206,image_filename_exact_match,high,100,"{""modality"":""US"",""pixel_spacing_mm"":[0.10779999999999999,0.10779999999999999],""pixel_spacing_source_unit"":""cm""}"
Collection,Breast-Lesions-USG,41273,205,case205_tumor.png,inferred,supporting_spreadsheet,https://www.cancerimagingarchive.net/wp-content/uploads/BrEaST-Lesions-USG-clinical-data-Dec-15-2023.xlsx,breast_clinical.xlsx,206,paired_mask_inherits_source_image_spacing,medium,70,"{""modality"":""US"",""pixel_spacing_mm"":[0.10779999999999999,0.10779999999999999],""pixel_spacing_source_unit"":""cm""}"
Collection,Breast-Lesions-USG,41273,206,case206.png,normalized,supporting_spreadsheet,https://www.cancerimagingarchive.net/wp-content/uploads/BrEaST-Lesions-USG-clinical-data-Dec-15-2023.xlsx,breast_clinical.xlsx,207,image_filename_exact_match,high,100,"{""modality"":""US"",""pixel_spacing_mm"":[0.10779999999999999,0.10779999999999999],""pixel_spacing_source_unit"":""cm""}"
Collection,Breast-Lesions-USG,41273,206,case206_tumor.png,inferred,supporting_spreadsheet,https://www.cancerimagingarchive.net/wp-content/uploads/BrEaST-Lesions-USG-clinical-data-Dec-15-2023.xlsx,breast_clinical.xlsx,207,paired_mask_inherits_source_image_spacing,medium,70,"{""modality"":""US"",""pixel_spacing_mm"":[0.10779999999999999,0.10779999999999999],""pixel_spacing_source_unit"":""cm""}"
Collection,Breast-Lesions-USG,41273,207,case207.png,normalized,supporting_spreadsheet,https://www.cancerimagingarchive.net/wp-content/uploads/BrEaST-Lesions-USG-clinical-data-Dec-15-2023.xlsx,breast_clinical.xlsx,208,image_filename_exact_match,high,100,"{""modality"":""US"",""pixel_spacing_mm"":[0.06076389,0.06076389],""pixel_spacing_source_unit"":""cm""}"
Collection,Breast-Lesions-USG,41273,207,case207_tumor.png,inferred,supporting_spreadsheet,https://www.cancerimagingarchive.net/wp-content/uploads/BrEaST-Lesions-USG-clinical-data-Dec-15-2023.xlsx,breast_clinical.xlsx,208,paired_mask_inherits_source_image_spacing,medium,70,"{""modality"":""US"",""pixel_spacing_mm"":[0.06076389,0.06076389],""pixel_spacing_source_unit"":""cm""}"
Collection,Breast-Lesions-USG,41273,208,case208.png,normalized,supporting_spreadsheet,https://www.cancerimagingarchive.net/wp-content/uploads/BrEaST-Lesions-USG-clinical-data-Dec-15-2023.xlsx,breast_clinical.xlsx,209,image_filename_exact_match,high,100,"{""modality"":""US"",""pixel_spacing_mm"":[0.05902192,0.05902192],""pixel_spacing_source_unit"":""cm""}"
Collection,Breast-Lesions-USG,41273,208,case208_tumor.png,inferred,supporting_spreadsheet,https://www.cancerimagingarchive.net/wp-content/uploads/BrEaST-Lesions-USG-clinical-data-Dec-15-2023.xlsx,breast_clinical.xlsx,209,paired_mask_inherits_source_image_spacing,medium,70,"{""modality"":""US"",""pixel_spacing_mm"":[0.05902192,0.05902192],""pixel_spacing_source_unit"":""cm""}"
Collection,Breast-Lesions-USG,41273,209,case209.png,normalized,supporting_spreadsheet,https://www.cancerimagingarchive.net/wp-content/uploads/BrEaST-Lesions-USG-clinical-data-Dec-15-2023.xlsx,breast_clinical.xlsx,210,image_filename_exact_match,high,100,"{""modality"":""US"",""pixel_spacing_mm"":[0.0726979,0.0726979],""pixel_spacing_source_unit"":""cm""}"
Collection,Breast-Lesions-USG,41273,210,case210.png,normalized,supporting_spreadsheet,https://www.cancerimagingarchive.net/wp-content/uploads/BrEaST-Lesions-USG-clinical-data-Dec-15-2023.xlsx,breast_clinical.xlsx,211,image_filename_exact_match,high,100,"{""modality"":""US"",""pixel_spacing_mm"":[0.078125,0.078125],""pixel_spacing_source_unit"":""cm""}"
Collection,Breast-Lesions-USG,41273,210,case210_tumor.png,inferred,supporting_spreadsheet,https://www.cancerimagingarchive.net/wp-content/uploads/BrEaST-Lesions-USG-clinical-data-Dec-15-2023.xlsx,breast_clinical.xlsx,211,paired_mask_inherits_source_image_spacing,medium,70,"{""modality"":""US"",""pixel_spacing_mm"":[0.078125,0.078125],""pixel_spacing_source_unit"":""cm""}"
Collection,Breast-Lesions-USG,41273,211,case211.png,normalized,supporting_spreadsheet,https://www.cancerimagingarchive.net/wp-content/uploads/BrEaST-Lesions-USG-clinical-data-Dec-15-2023.xlsx,breast_clinical.xlsx,212,image_filename_exact_match,high,100,"{""modality"":""US"",""pixel_spacing_mm"":[0.06462036,0.06462036],""pixel_spacing_source_unit"":""cm""}"
Collection,Breast-Lesions-USG,41273,211,case211_tumor.png,inferred,supporting_spreadsheet,https://www.cancerimagingarchive.net/wp-content/uploads/BrEaST-Lesions-USG-clinical-data-Dec-15-2023.xlsx,breast_clinical.xlsx,212,paired_mask_inherits_source_image_spacing,medium,70,"{""modality"":""US"",""pixel_spacing_mm"":[0.06462036,0.06462036],""pixel_spacing_source_unit"":""cm""}"
Collection,Breast-Lesions-USG,41273,212,case212.png,normalized,supporting_spreadsheet,https://www.cancerimagingarchive.net/wp-content/uploads/BrEaST-Lesions-USG-clinical-data-Dec-15-2023.xlsx,breast_clinical.xlsx,213,image_filename_exact_match,high,100,"{""modality"":""US"",""pixel_spacing_mm"":[0.078125,0.078125],""pixel_spacing_source_unit"":""cm""}"
Collection,Breast-Lesions-USG,41273,212,case212_tumor.png,inferred,supporting_spreadsheet,https://www.cancerimagingarchive.net/wp-content/uploads/BrEaST-Lesions-USG-clinical-data-Dec-15-2023.xlsx,breast_clinical.xlsx,213,paired_mask_inherits_source_image_spacing,medium,70,"{""modality"":""US"",""pixel_spacing_mm"":[0.078125,0.078125],""pixel_spacing_source_unit"":""cm""}"
Collection,Breast-Lesions-USG,41273,213,case213.png,normalized,supporting_spreadsheet,https://www.cancerimagingarchive.net/wp-content/uploads/BrEaST-Lesions-USG-clinical-data-Dec-15-2023.xlsx,breast_clinical.xlsx,214,image_filename_exact_match,high,100,"{""modality"":""US"",""pixel_spacing_mm"":[0.1035503,0.1035503],""pixel_spacing_source_unit"":""cm""}"
Collection,Breast-Lesions-USG,41273,214,case214.png,normalized,supporting_spreadsheet,https://www.cancerimagingarchive.net/wp-content/uploads/BrEaST-Lesions-USG-clinical-data-Dec-15-2023.xlsx,breast_clinical.xlsx,215,image_filename_exact_match,high,100,"{""modality"":""US"",""pixel_spacing_mm"":[0.06462036,0.06462036],""pixel_spacing_source_unit"":""cm""}"
Collection,Breast-Lesions-USG,41273,214,case214_tumor.png,inferred,supporting_spreadsheet,https://www.cancerimagingarchive.net/wp-content/uploads/BrEaST-Lesions-USG-clinical-data-Dec-15-2023.xlsx,breast_clinical.xlsx,215,paired_mask_inherits_source_image_spacing,medium,70,"{""modality"":""US"",""pixel_spacing_mm"":[0.06462036,0.06462036],""pixel_spacing_source_unit"":""cm""}"
Collection,Breast-Lesions-USG,41273,215,case215.png,normalized,supporting_spreadsheet,https://www.cancerimagingarchive.net/wp-content/uploads/BrEaST-Lesions-USG-clinical-data-Dec-15-2023.xlsx,breast_clinical.xlsx,216,image_filename_exact_match,high,100,"{""modality"":""US"",""pixel_spacing_mm"":[0.08680556,0.08680556],""pixel_spacing_source_unit"":""cm""}"
Collection,Breast-Lesions-USG,41273,215,case215_tumor.png,inferred,supporting_spreadsheet,https://www.cancerimagingarchive.net/wp-content/uploads/BrEaST-Lesions-USG-clinical-data-Dec-15-2023.xlsx,breast_clinical.xlsx,216,paired_mask_inherits_source_image_spacing,medium,70,"{""modality"":""US"",""pixel_spacing_mm"":[0.08680556,0.08680556],""pixel_spacing_source_unit"":""cm""}"
Collection,Breast-Lesions-USG,41273,216,case216.png,normalized,supporting_spreadsheet,https://www.cancerimagingarchive.net/wp-content/uploads/BrEaST-Lesions-USG-clinical-data-Dec-15-2023.xlsx,breast_clinical.xlsx,217,image_filename_exact_match,high,100,"{""modality"":""US"",""pixel_spacing_mm"":[0.08680556,0.08680556],""pixel_spacing_source_unit"":""cm""}"
Collection,Breast-Lesions-USG,41273,216,case216_tumor.png,inferred,supporting_spreadsheet,https://www.cancerimagingarchive.net/wp-content/uploads/BrEaST-Lesions-USG-clinical-data-Dec-15-2023.xlsx,breast_clinical.xlsx,217,paired_mask_inherits_source_image_spacing,medium,70,"{""modality"":""US"",""pixel_spacing_mm"":[0.08680556,0.08680556],""pixel_spacing_source_unit"":""cm""}"
Collection,Breast-Lesions-USG,41273,217,case217.png,normalized,supporting_spreadsheet,https://www.cancerimagingarchive.net/wp-content/uploads/BrEaST-Lesions-USG-clinical-data-Dec-15-2023.xlsx,breast_clinical.xlsx,218,image_filename_exact_match,high,100,"{""modality"":""US"",""pixel_spacing_mm"":[0.059101650000000006,0.059101650000000006],""pixel_spacing_source_unit"":""cm""}"
Collection,Breast-Lesions-USG,41273,217,case217_tumor.png,inferred,supporting_spreadsheet,https://www.cancerimagingarchive.net/wp-content/uploads/BrEaST-Lesions-USG-clinical-data-Dec-15-2023.xlsx,breast_clinical.xlsx,218,paired_mask_inherits_source_image_spacing,medium,70,"{""modality"":""US"",""pixel_spacing_mm"":[0.059101650000000006,0.059101650000000006],""pixel_spacing_source_unit"":""cm""}"
Collection,Breast-Lesions-USG,41273,218,case218.png,normalized,supporting_spreadsheet,https://www.cancerimagingarchive.net/wp-content/uploads/BrEaST-Lesions-USG-clinical-data-Dec-15-2023.xlsx,breast_clinical.xlsx,219,image_filename_exact_match,high,100,"{""modality"":""US"",""pixel_spacing_mm"":[0.10779999999999999,0.10779999999999999],""pixel_spacing_source_unit"":""cm""}"
Collection,Breast-Lesions-USG,41273,218,case218_tumor.png,inferred,supporting_spreadsheet,https://www.cancerimagingarchive.net/wp-content/uploads/BrEaST-Lesions-USG-clinical-data-Dec-15-2023.xlsx,breast_clinical.xlsx,219,paired_mask_inherits_source_image_spacing,medium,70,"{""modality"":""US"",""pixel_spacing_mm"":[0.10779999999999999,0.10779999999999999],""pixel_spacing_source_unit"":""cm""}"
Collection,Breast-Lesions-USG,41273,219,case219.png,normalized,supporting_spreadsheet,https://www.cancerimagingarchive.net/wp-content/uploads/BrEaST-Lesions-USG-clinical-data-Dec-15-2023.xlsx,breast_clinical.xlsx,220,image_filename_exact_match,high,100,"{""modality"":""US"",""pixel_spacing_mm"":[0.08680556,0.08680556],""pixel_spacing_source_unit"":""cm""}"
Collection,Breast-Lesions-USG,41273,219,case219_tumor.png,inferred,supporting_spreadsheet,https://www.cancerimagingarchive.net/wp-content/uploads/BrEaST-Lesions-USG-clinical-data-Dec-15-2023.xlsx,breast_clinical.xlsx,220,paired_mask_inherits_source_image_spacing,medium,70,"{""modality"":""US"",""pixel_spacing_mm"":[0.08680556,0.08680556],""pixel_spacing_source_unit"":""cm""}"
Collection,Breast-Lesions-USG,41273,220,case220.png,normalized,supporting_spreadsheet,https://www.cancerimagingarchive.net/wp-content/uploads/BrEaST-Lesions-USG-clinical-data-Dec-15-2023.xlsx,breast_clinical.xlsx,221,image_filename_exact_match,high,100,"{""modality"":""US"",""pixel_spacing_mm"":[0.08680556,0.08680556],""pixel_spacing_source_unit"":""cm""}"
Collection,Breast-Lesions-USG,41273,220,case220_tumor.png,inferred,supporting_spreadsheet,https://www.cancerimagingarchive.net/wp-content/uploads/BrEaST-Lesions-USG-clinical-data-Dec-15-2023.xlsx,breast_clinical.xlsx,221,paired_mask_inherits_source_image_spacing,medium,70,"{""modality"":""US"",""pixel_spacing_mm"":[0.08680556,0.08680556],""pixel_spacing_source_unit"":""cm""}"
Collection,Breast-Lesions-USG,41273,221,case221.png,normalized,supporting_spreadsheet,https://www.cancerimagingarchive.net/wp-content/uploads/BrEaST-Lesions-USG-clinical-data-Dec-15-2023.xlsx,breast_clinical.xlsx,222,image_filename_exact_match,high,100,"{""modality"":""US"",""pixel_spacing_mm"":[0.10779999999999999,0.10779999999999999],""pixel_spacing_source_unit"":""cm""}"
Collection,Breast-Lesions-USG,41273,221,case221_tumor.png,inferred,supporting_spreadsheet,https://www.cancerimagingarchive.net/wp-content/uploads/BrEaST-Lesions-USG-clinical-data-Dec-15-2023.xlsx,breast_clinical.xlsx,222,paired_mask_inherits_source_image_spacing,medium,70,"{""modality"":""US"",""pixel_spacing_mm"":[0.10779999999999999,0.10779999999999999],""pixel_spacing_source_unit"":""cm""}"
Collection,Breast-Lesions-USG,41273,222,case222.png,normalized,supporting_spreadsheet,https://www.cancerimagingarchive.net/wp-content/uploads/BrEaST-Lesions-USG-clinical-data-Dec-15-2023.xlsx,breast_clinical.xlsx,223,image_filename_exact_match,high,100,"{""modality"":""US"",""pixel_spacing_mm"":[0.078125,0.078125],""pixel_spacing_source_unit"":""cm""}"
Collection,Breast-Lesions-USG,41273,222,case222_tumor.png,inferred,supporting_spreadsheet,https://www.cancerimagingarchive.net/wp-content/uploads/BrEaST-Lesions-USG-clinical-data-Dec-15-2023.xlsx,breast_clinical.xlsx,223,paired_mask_inherits_source_image_spacing,medium,70,"{""modality"":""US"",""pixel_spacing_mm"":[0.078125,0.078125],""pixel_spacing_source_unit"":""cm""}"
Collection,Breast-Lesions-USG,41273,223,case223.png,normalized,supporting_spreadsheet,https://www.cancerimagingarchive.net/wp-content/uploads/BrEaST-Lesions-USG-clinical-data-Dec-15-2023.xlsx,breast_clinical.xlsx,224,image_filename_exact_match,high,100,"{""modality"":""US"",""pixel_spacing_mm"":[0.06076389,0.06076389],""pixel_spacing_source_unit"":""cm""}"
Collection,Breast-Lesions-USG,41273,223,case223_tumor.png,inferred,supporting_spreadsheet,https://www.cancerimagingarchive.net/wp-content/uploads/BrEaST-Lesions-USG-clinical-data-Dec-15-2023.xlsx,breast_clinical.xlsx,224,paired_mask_inherits_source_image_spacing,medium,70,"{""modality"":""US"",""pixel_spacing_mm"":[0.06076389,0.06076389],""pixel_spacing_source_unit"":""cm""}"
Collection,Breast-Lesions-USG,41273,224,case224.png,normalized,supporting_spreadsheet,https://www.cancerimagingarchive.net/wp-content/uploads/BrEaST-Lesions-USG-clinical-data-Dec-15-2023.xlsx,breast_clinical.xlsx,225,image_filename_exact_match,high,100,"{""modality"":""US"",""pixel_spacing_mm"":[0.06688963,0.06688963],""pixel_spacing_source_unit"":""cm""}"
Collection,Breast-Lesions-USG,41273,224,case224_tumor.png,inferred,supporting_spreadsheet,https://www.cancerimagingarchive.net/wp-content/uploads/BrEaST-Lesions-USG-clinical-data-Dec-15-2023.xlsx,breast_clinical.xlsx,225,paired_mask_inherits_source_image_spacing,medium,70,"{""modality"":""US"",""pixel_spacing_mm"":[0.06688963,0.06688963],""pixel_spacing_source_unit"":""cm""}"
Collection,Breast-Lesions-USG,41273,225,case225.png,normalized,supporting_spreadsheet,https://www.cancerimagingarchive.net/wp-content/uploads/BrEaST-Lesions-USG-clinical-data-Dec-15-2023.xlsx,breast_clinical.xlsx,226,image_filename_exact_match,high,100,"{""modality"":""US"",""pixel_spacing_mm"":[0.078125,0.078125],""pixel_spacing_source_unit"":""cm""}"
Collection,Breast-Lesions-USG,41273,225,case225_tumor.png,inferred,supporting_spreadsheet,https://www.cancerimagingarchive.net/wp-content/uploads/BrEaST-Lesions-USG-clinical-data-Dec-15-2023.xlsx,breast_clinical.xlsx,226,paired_mask_inherits_source_image_spacing,medium,70,"{""modality"":""US"",""pixel_spacing_mm"":[0.078125,0.078125],""pixel_spacing_source_unit"":""cm""}"
Collection,Breast-Lesions-USG,41273,226,case226.png,normalized,supporting_spreadsheet,https://www.cancerimagingarchive.net/wp-content/uploads/BrEaST-Lesions-USG-clinical-data-Dec-15-2023.xlsx,breast_clinical.xlsx,227,image_filename_exact_match,high,100,"{""modality"":""US"",""pixel_spacing_mm"":[0.078125,0.078125],""pixel_spacing_source_unit"":""cm""}"
Collection,Breast-Lesions-USG,41273,226,case226_tumor.png,inferred,supporting_spreadsheet,https://www.cancerimagingarchive.net/wp-content/uploads/BrEaST-Lesions-USG-clinical-data-Dec-15-2023.xlsx,breast_clinical.xlsx,227,paired_mask_inherits_source_image_spacing,medium,70,"{""modality"":""US"",""pixel_spacing_mm"":[0.078125,0.078125],""pixel_spacing_source_unit"":""cm""}"
Collection,Breast-Lesions-USG,41273,227,case227.png,normalized,supporting_spreadsheet,https://www.cancerimagingarchive.net/wp-content/uploads/BrEaST-Lesions-USG-clinical-data-Dec-15-2023.xlsx,breast_clinical.xlsx,228,image_filename_exact_match,high,100,"{""modality"":""US"",""pixel_spacing_mm"":[0.08680556,0.08680556],""pixel_spacing_source_unit"":""cm""}"
Collection,Breast-Lesions-USG,41273,227,case227_tumor.png,inferred,supporting_spreadsheet,https://www.cancerimagingarchive.net/wp-content/uploads/BrEaST-Lesions-USG-clinical-data-Dec-15-2023.xlsx,breast_clinical.xlsx,228,paired_mask_inherits_source_image_spacing,medium,70,"{""modality"":""US"",""pixel_spacing_mm"":[0.08680556,0.08680556],""pixel_spacing_source_unit"":""cm""}"
Collection,Breast-Lesions-USG,41273,228,case228.png,normalized,supporting_spreadsheet,https://www.cancerimagingarchive.net/wp-content/uploads/BrEaST-Lesions-USG-clinical-data-Dec-15-2023.xlsx,breast_clinical.xlsx,229,image_filename_exact_match,high,100,"{""modality"":""US"",""pixel_spacing_mm"":[0.078125,0.078125],""pixel_spacing_source_unit"":""cm""}"
Collection,Breast-Lesions-USG,41273,228,case228_tumor.png,inferred,supporting_spreadsheet,https://www.cancerimagingarchive.net/wp-content/uploads/BrEaST-Lesions-USG-clinical-data-Dec-15-2023.xlsx,breast_clinical.xlsx,229,paired_mask_inherits_source_image_spacing,medium,70,"{""modality"":""US"",""pixel_spacing_mm"":[0.078125,0.078125],""pixel_spacing_source_unit"":""cm""}"
Collection,Breast-Lesions-USG,41273,229,case229.png,normalized,supporting_spreadsheet,https://www.cancerimagingarchive.net/wp-content/uploads/BrEaST-Lesions-USG-clinical-data-Dec-15-2023.xlsx,breast_clinical.xlsx,230,image_filename_exact_match,high,100,"{""modality"":""US"",""pixel_spacing_mm"":[0.06076389,0.06076389],""pixel_spacing_source_unit"":""cm""}"
Collection,Breast-Lesions-USG,41273,229,case229_tumor.png,inferred,supporting_spreadsheet,https://www.cancerimagingarchive.net/wp-content/uploads/BrEaST-Lesions-USG-clinical-data-Dec-15-2023.xlsx,breast_clinical.xlsx,230,paired_mask_inherits_source_image_spacing,medium,70,"{""modality"":""US"",""pixel_spacing_mm"":[0.06076389,0.06076389],""pixel_spacing_source_unit"":""cm""}"
Collection,Breast-Lesions-USG,41273,230,case230.png,normalized,supporting_spreadsheet,https://www.cancerimagingarchive.net/wp-content/uploads/BrEaST-Lesions-USG-clinical-data-Dec-15-2023.xlsx,breast_clinical.xlsx,231,image_filename_exact_match,high,100,"{""modality"":""US"",""pixel_spacing_mm"":[0.0726979,0.0726979],""pixel_spacing_source_unit"":""cm""}"
Collection,Breast-Lesions-USG,41273,230,case230_tumor.png,inferred,supporting_spreadsheet,https://www.cancerimagingarchive.net/wp-content/uploads/BrEaST-Lesions-USG-clinical-data-Dec-15-2023.xlsx,breast_clinical.xlsx,231,paired_mask_inherits_source_image_spacing,medium,70,"{""modality"":""US"",""pixel_spacing_mm"":[0.0726979,0.0726979],""pixel_spacing_source_unit"":""cm""}"
Collection,Breast-Lesions-USG,41273,231,case231.png,normalized,supporting_spreadsheet,https://www.cancerimagingarchive.net/wp-content/uploads/BrEaST-Lesions-USG-clinical-data-Dec-15-2023.xlsx,breast_clinical.xlsx,232,image_filename_exact_match,high,100,"{""modality"":""US"",""pixel_spacing_mm"":[0.078125,0.078125],""pixel_spacing_source_unit"":""cm""}"
Collection,Breast-Lesions-USG,41273,231,case231_tumor.png,inferred,supporting_spreadsheet,https://www.cancerimagingarchive.net/wp-content/uploads/BrEaST-Lesions-USG-clinical-data-Dec-15-2023.xlsx,breast_clinical.xlsx,232,paired_mask_inherits_source_image_spacing,medium,70,"{""modality"":""US"",""pixel_spacing_mm"":[0.078125,0.078125],""pixel_spacing_source_unit"":""cm""}"
Collection,Breast-Lesions-USG,41273,232,case232.png,normalized,supporting_spreadsheet,https://www.cancerimagingarchive.net/wp-content/uploads/BrEaST-Lesions-USG-clinical-data-Dec-15-2023.xlsx,breast_clinical.xlsx,233,image_filename_exact_match,high,100,"{""modality"":""US"",""pixel_spacing_mm"":[0.06462036,0.06462036],""pixel_spacing_source_unit"":""cm""}"
Collection,Breast-Lesions-USG,41273,232,case232_tumor.png,inferred,supporting_spreadsheet,https://www.cancerimagingarchive.net/wp-content/uploads/BrEaST-Lesions-USG-clinical-data-Dec-15-2023.xlsx,breast_clinical.xlsx,233,paired_mask_inherits_source_image_spacing,medium,70,"{""modality"":""US"",""pixel_spacing_mm"":[0.06462036,0.06462036],""pixel_spacing_source_unit"":""cm""}"
Collection,Breast-Lesions-USG,41273,233,case233.png,normalized,supporting_spreadsheet,https://www.cancerimagingarchive.net/wp-content/uploads/BrEaST-Lesions-USG-clinical-data-Dec-15-2023.xlsx,breast_clinical.xlsx,234,image_filename_exact_match,high,100,"{""modality"":""US"",""pixel_spacing_mm"":[0.10779999999999999,0.10779999999999999],""pixel_spacing_source_unit"":""cm""}"
Collection,Breast-Lesions-USG,41273,233,case233_tumor.png,inferred,supporting_spreadsheet,https://www.cancerimagingarchive.net/wp-content/uploads/BrEaST-Lesions-USG-clinical-data-Dec-15-2023.xlsx,breast_clinical.xlsx,234,paired_mask_inherits_source_image_spacing,medium,70,"{""modality"":""US"",""pixel_spacing_mm"":[0.10779999999999999,0.10779999999999999],""pixel_spacing_source_unit"":""cm""}"
Collection,Breast-Lesions-USG,41273,234,case234.png,normalized,supporting_spreadsheet,https://www.cancerimagingarchive.net/wp-content/uploads/BrEaST-Lesions-USG-clinical-data-Dec-15-2023.xlsx,breast_clinical.xlsx,235,image_filename_exact_match,high,100,"{""modality"":""US"",""pixel_spacing_mm"":[0.05902192,0.05902192],""pixel_spacing_source_unit"":""cm""}"
Collection,Breast-Lesions-USG,41273,234,case234_tumor.png,inferred,supporting_spreadsheet,https://www.cancerimagingarchive.net/wp-content/uploads/BrEaST-Lesions-USG-clinical-data-Dec-15-2023.xlsx,breast_clinical.xlsx,235,paired_mask_inherits_source_image_spacing,medium,70,"{""modality"":""US"",""pixel_spacing_mm"":[0.05902192,0.05902192],""pixel_spacing_source_unit"":""cm""}"
Collection,Breast-Lesions-USG,41273,235,case235.png,normalized,supporting_spreadsheet,https://www.cancerimagingarchive.net/wp-content/uploads/BrEaST-Lesions-USG-clinical-data-Dec-15-2023.xlsx,breast_clinical.xlsx,236,image_filename_exact_match,high,100,"{""modality"":""US"",""pixel_spacing_mm"":[0.06944444,0.06944444],""pixel_spacing_source_unit"":""cm""}"
Collection,Breast-Lesions-USG,41273,235,case235_tumor.png,inferred,supporting_spreadsheet,https://www.cancerimagingarchive.net/wp-content/uploads/BrEaST-Lesions-USG-clinical-data-Dec-15-2023.xlsx,breast_clinical.xlsx,236,paired_mask_inherits_source_image_spacing,medium,70,"{""modality"":""US"",""pixel_spacing_mm"":[0.06944444,0.06944444],""pixel_spacing_source_unit"":""cm""}"
Collection,Breast-Lesions-USG,41273,236,case236.png,normalized,supporting_spreadsheet,https://www.cancerimagingarchive.net/wp-content/uploads/BrEaST-Lesions-USG-clinical-data-Dec-15-2023.xlsx,breast_clinical.xlsx,237,image_filename_exact_match,high,100,"{""modality"":""US"",""pixel_spacing_mm"":[0.10362694,0.10362694],""pixel_spacing_source_unit"":""cm""}"
Collection,Breast-Lesions-USG,41273,236,case236_tumor.png,inferred,supporting_spreadsheet,https://www.cancerimagingarchive.net/wp-content/uploads/BrEaST-Lesions-USG-clinical-data-Dec-15-2023.xlsx,breast_clinical.xlsx,237,paired_mask_inherits_source_image_spacing,medium,70,"{""modality"":""US"",""pixel_spacing_mm"":[0.10362694,0.10362694],""pixel_spacing_source_unit"":""cm""}"
Collection,Breast-Lesions-USG,41273,237,case237.png,normalized,supporting_spreadsheet,https://www.cancerimagingarchive.net/wp-content/uploads/BrEaST-Lesions-USG-clinical-data-Dec-15-2023.xlsx,breast_clinical.xlsx,238,image_filename_exact_match,high,100,"{""modality"":""US"",""pixel_spacing_mm"":[0.06462036,0.06462036],""pixel_spacing_source_unit"":""cm""}"
Collection,Breast-Lesions-USG,41273,237,case237_tumor.png,inferred,supporting_spreadsheet,https://www.cancerimagingarchive.net/wp-content/uploads/BrEaST-Lesions-USG-clinical-data-Dec-15-2023.xlsx,breast_clinical.xlsx,238,paired_mask_inherits_source_image_spacing,medium,70,"{""modality"":""US"",""pixel_spacing_mm"":[0.06462036,0.06462036],""pixel_spacing_source_unit"":""cm""}"
Collection,Breast-Lesions-USG,41273,238,case238.png,normalized,supporting_spreadsheet,https://www.cancerimagingarchive.net/wp-content/uploads/BrEaST-Lesions-USG-clinical-data-Dec-15-2023.xlsx,breast_clinical.xlsx,239,image_filename_exact_match,high,100,"{""modality"":""US"",""pixel_spacing_mm"":[0.078125,0.078125],""pixel_spacing_source_unit"":""cm""}"
Collection,Breast-Lesions-USG,41273,238,case238_tumor.png,inferred,supporting_spreadsheet,https://www.cancerimagingarchive.net/wp-content/uploads/BrEaST-Lesions-USG-clinical-data-Dec-15-2023.xlsx,breast_clinical.xlsx,239,paired_mask_inherits_source_image_spacing,medium,70,"{""modality"":""US"",""pixel_spacing_mm"":[0.078125,0.078125],""pixel_spacing_source_unit"":""cm""}"
Collection,Breast-Lesions-USG,41273,239,case239.png,normalized,supporting_spreadsheet,https://www.cancerimagingarchive.net/wp-content/uploads/BrEaST-Lesions-USG-clinical-data-Dec-15-2023.xlsx,breast_clinical.xlsx,240,image_filename_exact_match,high,100,"{""modality"":""US"",""pixel_spacing_mm"":[0.10779999999999999,0.10779999999999999],""pixel_spacing_source_unit"":""cm""}"
Collection,Breast-Lesions-USG,41273,239,case239_tumor.png,inferred,supporting_spreadsheet,https://www.cancerimagingarchive.net/wp-content/uploads/BrEaST-Lesions-USG-clinical-data-Dec-15-2023.xlsx,breast_clinical.xlsx,240,paired_mask_inherits_source_image_spacing,medium,70,"{""modality"":""US"",""pixel_spacing_mm"":[0.10779999999999999,0.10779999999999999],""pixel_spacing_source_unit"":""cm""}"
Collection,Breast-Lesions-USG,41273,240,case240.png,normalized,supporting_spreadsheet,https://www.cancerimagingarchive.net/wp-content/uploads/BrEaST-Lesions-USG-clinical-data-Dec-15-2023.xlsx,breast_clinical.xlsx,241,image_filename_exact_match,high,100,"{""modality"":""US"",""pixel_spacing_mm"":[0.0726979,0.0726979],""pixel_spacing_source_unit"":""cm""}"
Collection,Breast-Lesions-USG,41273,240,case240_tumor.png,inferred,supporting_spreadsheet,https://www.cancerimagingarchive.net/wp-content/uploads/BrEaST-Lesions-USG-clinical-data-Dec-15-2023.xlsx,breast_clinical.xlsx,241,paired_mask_inherits_source_image_spacing,medium,70,"{""modality"":""US"",""pixel_spacing_mm"":[0.0726979,0.0726979],""pixel_spacing_source_unit"":""cm""}"
Collection,Breast-Lesions-USG,41273,241,case241.png,normalized,supporting_spreadsheet,https://www.cancerimagingarchive.net/wp-content/uploads/BrEaST-Lesions-USG-clinical-data-Dec-15-2023.xlsx,breast_clinical.xlsx,242,image_filename_exact_match,high,100,"{""modality"":""US"",""pixel_spacing_mm"":[0.05208333,0.05208333],""pixel_spacing_source_unit"":""cm""}"
Collection,Breast-Lesions-USG,41273,241,case241_tumor.png,inferred,supporting_spreadsheet,https://www.cancerimagingarchive.net/wp-content/uploads/BrEaST-Lesions-USG-clinical-data-Dec-15-2023.xlsx,breast_clinical.xlsx,242,paired_mask_inherits_source_image_spacing,medium,70,"{""modality"":""US"",""pixel_spacing_mm"":[0.05208333,0.05208333],""pixel_spacing_source_unit"":""cm""}"
Collection,Breast-Lesions-USG,41273,242,case242.png,normalized,supporting_spreadsheet,https://www.cancerimagingarchive.net/wp-content/uploads/BrEaST-Lesions-USG-clinical-data-Dec-15-2023.xlsx,breast_clinical.xlsx,243,image_filename_exact_match,high,100,"{""modality"":""US"",""pixel_spacing_mm"":[0.05181347,0.05181347],""pixel_spacing_source_unit"":""cm""}"
Collection,Breast-Lesions-USG,41273,242,case242_tumor.png,inferred,supporting_spreadsheet,https://www.cancerimagingarchive.net/wp-content/uploads/BrEaST-Lesions-USG-clinical-data-Dec-15-2023.xlsx,breast_clinical.xlsx,243,paired_mask_inherits_source_image_spacing,medium,70,"{""modality"":""US"",""pixel_spacing_mm"":[0.05181347,0.05181347],""pixel_spacing_source_unit"":""cm""}"
Collection,Breast-Lesions-USG,41273,243,case243.png,normalized,supporting_spreadsheet,https://www.cancerimagingarchive.net/wp-content/uploads/BrEaST-Lesions-USG-clinical-data-Dec-15-2023.xlsx,breast_clinical.xlsx,244,image_filename_exact_match,high,100,"{""modality"":""US"",""pixel_spacing_mm"":[0.0924,0.0924],""pixel_spacing_source_unit"":""cm""}"
Collection,Breast-Lesions-USG,41273,243,case243_tumor.png,inferred,supporting_spreadsheet,https://www.cancerimagingarchive.net/wp-content/uploads/BrEaST-Lesions-USG-clinical-data-Dec-15-2023.xlsx,breast_clinical.xlsx,244,paired_mask_inherits_source_image_spacing,medium,70,"{""modality"":""US"",""pixel_spacing_mm"":[0.0924,0.0924],""pixel_spacing_source_unit"":""cm""}"
Collection,Breast-Lesions-USG,41273,244,case244.png,normalized,supporting_spreadsheet,https://www.cancerimagingarchive.net/wp-content/uploads/BrEaST-Lesions-USG-clinical-data-Dec-15-2023.xlsx,breast_clinical.xlsx,245,image_filename_exact_match,high,100,"{""modality"":""US"",""pixel_spacing_mm"":[0.06462036,0.06462036],""pixel_spacing_source_unit"":""cm""}"
Collection,Breast-Lesions-USG,41273,244,case244_tumor.png,inferred,supporting_spreadsheet,https://www.cancerimagingarchive.net/wp-content/uploads/BrEaST-Lesions-USG-clinical-data-Dec-15-2023.xlsx,breast_clinical.xlsx,245,paired_mask_inherits_source_image_spacing,medium,70,"{""modality"":""US"",""pixel_spacing_mm"":[0.06462036,0.06462036],""pixel_spacing_source_unit"":""cm""}"
Collection,Breast-Lesions-USG,41273,245,case245.png,normalized,supporting_spreadsheet,https://www.cancerimagingarchive.net/wp-content/uploads/BrEaST-Lesions-USG-clinical-data-Dec-15-2023.xlsx,breast_clinical.xlsx,246,image_filename_exact_match,high,100,"{""modality"":""US"",""pixel_spacing_mm"":[0.0924,0.0924],""pixel_spacing_source_unit"":""cm""}"
Collection,Breast-Lesions-USG,41273,245,case245_tumor.png,inferred,supporting_spreadsheet,https://www.cancerimagingarchive.net/wp-content/uploads/BrEaST-Lesions-USG-clinical-data-Dec-15-2023.xlsx,breast_clinical.xlsx,246,paired_mask_inherits_source_image_spacing,medium,70,"{""modality"":""US"",""pixel_spacing_mm"":[0.0924,0.0924],""pixel_spacing_source_unit"":""cm""}"
Collection,Breast-Lesions-USG,41273,246,case246.png,normalized,supporting_spreadsheet,https://www.cancerimagingarchive.net/wp-content/uploads/BrEaST-Lesions-USG-clinical-data-Dec-15-2023.xlsx,breast_clinical.xlsx,247,image_filename_exact_match,high,100,"{""modality"":""US"",""pixel_spacing_mm"":[0.06462036,0.06462036],""pixel_spacing_source_unit"":""cm""}"
Collection,Breast-Lesions-USG,41273,246,case246_tumor.png,inferred,supporting_spreadsheet,https://www.cancerimagingarchive.net/wp-content/uploads/BrEaST-Lesions-USG-clinical-data-Dec-15-2023.xlsx,breast_clinical.xlsx,247,paired_mask_inherits_source_image_spacing,medium,70,"{""modality"":""US"",""pixel_spacing_mm"":[0.06462036,0.06462036],""pixel_spacing_source_unit"":""cm""}"
Collection,Breast-Lesions-USG,41273,247,case247.png,normalized,supporting_spreadsheet,https://www.cancerimagingarchive.net/wp-content/uploads/BrEaST-Lesions-USG-clinical-data-Dec-15-2023.xlsx,breast_clinical.xlsx,248,image_filename_exact_match,high,100,"{""modality"":""US"",""pixel_spacing_mm"":[0.08680556,0.08680556],""pixel_spacing_source_unit"":""cm""}"
Collection,Breast-Lesions-USG,41273,247,case247_tumor.png,inferred,supporting_spreadsheet,https://www.cancerimagingarchive.net/wp-content/uploads/BrEaST-Lesions-USG-clinical-data-Dec-15-2023.xlsx,breast_clinical.xlsx,248,paired_mask_inherits_source_image_spacing,medium,70,"{""modality"":""US"",""pixel_spacing_mm"":[0.08680556,0.08680556],""pixel_spacing_source_unit"":""cm""}"
Collection,Breast-Lesions-USG,41273,248,case248.png,normalized,supporting_spreadsheet,https://www.cancerimagingarchive.net/wp-content/uploads/BrEaST-Lesions-USG-clinical-data-Dec-15-2023.xlsx,breast_clinical.xlsx,249,image_filename_exact_match,high,100,"{""modality"":""US"",""pixel_spacing_mm"":[0.078125,0.078125],""pixel_spacing_source_unit"":""cm""}"
Collection,Breast-Lesions-USG,41273,248,case248_tumor.png,inferred,supporting_spreadsheet,https://www.cancerimagingarchive.net/wp-content/uploads/BrEaST-Lesions-USG-clinical-data-Dec-15-2023.xlsx,breast_clinical.xlsx,249,paired_mask_inherits_source_image_spacing,medium,70,"{""modality"":""US"",""pixel_spacing_mm"":[0.078125,0.078125],""pixel_spacing_source_unit"":""cm""}"
Collection,Breast-Lesions-USG,41273,249,case249.png,normalized,supporting_spreadsheet,https://www.cancerimagingarchive.net/wp-content/uploads/BrEaST-Lesions-USG-clinical-data-Dec-15-2023.xlsx,breast_clinical.xlsx,250,image_filename_exact_match,high,100,"{""modality"":""US"",""pixel_spacing_mm"":[0.06944444,0.06944444],""pixel_spacing_source_unit"":""cm""}"
Collection,Breast-Lesions-USG,41273,249,case249_tumor.png,inferred,supporting_spreadsheet,https://www.cancerimagingarchive.net/wp-content/uploads/BrEaST-Lesions-USG-clinical-data-Dec-15-2023.xlsx,breast_clinical.xlsx,250,paired_mask_inherits_source_image_spacing,medium,70,"{""modality"":""US"",""pixel_spacing_mm"":[0.06944444,0.06944444],""pixel_spacing_source_unit"":""cm""}"
Collection,Breast-Lesions-USG,41273,250,case250.png,normalized,supporting_spreadsheet,https://www.cancerimagingarchive.net/wp-content/uploads/BrEaST-Lesions-USG-clinical-data-Dec-15-2023.xlsx,breast_clinical.xlsx,251,image_filename_exact_match,high,100,"{""modality"":""US"",""pixel_spacing_mm"":[0.06462036,0.06462036],""pixel_spacing_source_unit"":""cm""}"
Collection,Breast-Lesions-USG,41273,250,case250_tumor.png,inferred,supporting_spreadsheet,https://www.cancerimagingarchive.net/wp-content/uploads/BrEaST-Lesions-USG-clinical-data-Dec-15-2023.xlsx,breast_clinical.xlsx,251,paired_mask_inherits_source_image_spacing,medium,70,"{""modality"":""US"",""pixel_spacing_mm"":[0.06462036,0.06462036],""pixel_spacing_source_unit"":""cm""}"
Collection,Breast-Lesions-USG,41273,251,case251.png,normalized,supporting_spreadsheet,https://www.cancerimagingarchive.net/wp-content/uploads/BrEaST-Lesions-USG-clinical-data-Dec-15-2023.xlsx,breast_clinical.xlsx,252,image_filename_exact_match,high,100,"{""modality"":""US"",""pixel_spacing_mm"":[0.06462036,0.06462036],""pixel_spacing_source_unit"":""cm""}"
Collection,Breast-Lesions-USG,41273,251,case251_tumor.png,inferred,supporting_spreadsheet,https://www.cancerimagingarchive.net/wp-content/uploads/BrEaST-Lesions-USG-clinical-data-Dec-15-2023.xlsx,breast_clinical.xlsx,252,paired_mask_inherits_source_image_spacing,medium,70,"{""modality"":""US"",""pixel_spacing_mm"":[0.06462036,0.06462036],""pixel_spacing_source_unit"":""cm""}"
Collection,Breast-Lesions-USG,41273,252,case252.png,normalized,supporting_spreadsheet,https://www.cancerimagingarchive.net/wp-content/uploads/BrEaST-Lesions-USG-clinical-data-Dec-15-2023.xlsx,breast_clinical.xlsx,253,image_filename_exact_match,high,100,"{""modality"":""US"",""pixel_spacing_mm"":[0.06944444,0.06944444],""pixel_spacing_source_unit"":""cm""}"
Collection,Breast-Lesions-USG,41273,252,case252_tumor.png,inferred,supporting_spreadsheet,https://www.cancerimagingarchive.net/wp-content/uploads/BrEaST-Lesions-USG-clinical-data-Dec-15-2023.xlsx,breast_clinical.xlsx,253,paired_mask_inherits_source_image_spacing,medium,70,"{""modality"":""US"",""pixel_spacing_mm"":[0.06944444,0.06944444],""pixel_spacing_source_unit"":""cm""}"
Collection,Breast-Lesions-USG,41273,253,case253.png,normalized,supporting_spreadsheet,https://www.cancerimagingarchive.net/wp-content/uploads/BrEaST-Lesions-USG-clinical-data-Dec-15-2023.xlsx,breast_clinical.xlsx,254,image_filename_exact_match,high,100,"{""modality"":""US"",""pixel_spacing_mm"":[0.078125,0.078125],""pixel_spacing_source_unit"":""cm""}"
Collection,Breast-Lesions-USG,41273,253,case253_tumor.png,inferred,supporting_spreadsheet,https://www.cancerimagingarchive.net/wp-content/uploads/BrEaST-Lesions-USG-clinical-data-Dec-15-2023.xlsx,breast_clinical.xlsx,254,paired_mask_inherits_source_image_spacing,medium,70,"{""modality"":""US"",""pixel_spacing_mm"":[0.078125,0.078125],""pixel_spacing_source_unit"":""cm""}"
Collection,Breast-Lesions-USG,41273,254,case254.png,normalized,supporting_spreadsheet,https://www.cancerimagingarchive.net/wp-content/uploads/BrEaST-Lesions-USG-clinical-data-Dec-15-2023.xlsx,breast_clinical.xlsx,255,image_filename_exact_match,high,100,"{""modality"":""US"",""pixel_spacing_mm"":[0.078125,0.078125],""pixel_spacing_source_unit"":""cm""}"
Collection,Breast-Lesions-USG,41273,254,case254_tumor.png,inferred,supporting_spreadsheet,https://www.cancerimagingarchive.net/wp-content/uploads/BrEaST-Lesions-USG-clinical-data-Dec-15-2023.xlsx,breast_clinical.xlsx,255,paired_mask_inherits_source_image_spacing,medium,70,"{""modality"":""US"",""pixel_spacing_mm"":[0.078125,0.078125],""pixel_spacing_source_unit"":""cm""}"
Collection,Breast-Lesions-USG,41273,255,case255.png,normalized,supporting_spreadsheet,https://www.cancerimagingarchive.net/wp-content/uploads/BrEaST-Lesions-USG-clinical-data-Dec-15-2023.xlsx,breast_clinical.xlsx,256,image_filename_exact_match,high,100,"{""modality"":""US"",""pixel_spacing_mm"":[0.06944444,0.06944444],""pixel_spacing_source_unit"":""cm""}"
Collection,Breast-Lesions-USG,41273,255,case255_tumor.png,inferred,supporting_spreadsheet,https://www.cancerimagingarchive.net/wp-content/uploads/BrEaST-Lesions-USG-clinical-data-Dec-15-2023.xlsx,breast_clinical.xlsx,256,paired_mask_inherits_source_image_spacing,medium,70,"{""modality"":""US"",""pixel_spacing_mm"":[0.06944444,0.06944444],""pixel_spacing_source_unit"":""cm""}"
Collection,Breast-Lesions-USG,41273,256,case256.png,normalized,supporting_spreadsheet,https://www.cancerimagingarchive.net/wp-content/uploads/BrEaST-Lesions-USG-clinical-data-Dec-15-2023.xlsx,breast_clinical.xlsx,257,image_filename_exact_match,high,100,"{""modality"":""US"",""pixel_spacing_mm"":[0.078125,0.078125],""pixel_spacing_source_unit"":""cm""}"
Collection,Breast-Lesions-USG,41273,256,case256_tumor.png,inferred,supporting_spreadsheet,https://www.cancerimagingarchive.net/wp-content/uploads/BrEaST-Lesions-USG-clinical-data-Dec-15-2023.xlsx,breast_clinical.xlsx,257,paired_mask_inherits_source_image_spacing,medium,70,"{""modality"":""US"",""pixel_spacing_mm"":[0.078125,0.078125],""pixel_spacing_source_unit"":""cm""}"
